set_id,lat,lon,day_jour,month_mois,year_année,station,replicate_réplicat,cont_wt_g,gross_wet_wt_g,gross_dry_wt_g,net_dry_wt_g,sieve_wt_250um_g,sieve_wt_125um_g,sieve_wt_64um_g,gross_wt_250um_g,gross_wt_125um_g,gross_wt_64um_g,net_dry_250um_g,net_dry_125um_g,net_dry_64um_g,silt_frac_g
2011.09.001,45.14075,-66.26021667,1,9,2011,1,a,6.2778,34.0235,33.9389,27.6611,83.7504,79.5634,77.7643,83.7923,79.9604,81.1508,0.0419,0.397,3.3865,23.8357
2011.09.002,45.14263333,-66.26183333,1,9,2011,2,a,6.3088,33.1497,33.0865,26.7777,80.2814,80.0605,78.4858,80.7942,80.9008,81.5616,0.5128,0.8403,3.0758,22.3488
2011.09.003,45.14636667,-66.24868333,1,9,2011,3,a,6.3356,27.2129,27.1853,20.8497,85.0923,81.5106,78.7343,85.1063,81.6408,81.0848,0.014,0.1302,2.3505,18.355
2011.09.004,45.14648333,-66.24608333,1,9,2011,4,a,6.3538,32.9757,32.9433,26.5895,83.5714,80.8549,78.448,83.5742,80.9838,84.1922,0.0028,0.1289,5.7442,20.7136
2011.09.005,45.14663333,-66.24345,1,9,2011,5,a,6.3375,38.475,38.4452,32.1077,81.3784,79.0289,79.0378,81.775,79.6175,94.4968,0.3966,0.5886,15.459,15.6635
2011.09.006,45.14775,-66.23956667,1,9,2011,6,a,6.3394,32.0672,32.011,25.6716,83.7488,79.5508,77.7605,84.5625,80.256,82.9594,0.8137,0.7052,5.1989,18.9538
2011.09.007,45.15128333,-66.23713333,1,9,2011,7,a,6.4805,32.2449,32.1839,25.7034,80.2828,80.0578,78.4835,80.2962,80.1478,82.3853,0.0134,0.09,3.9018,21.6982
2011.09.008,45.15526667,-66.23283333,1,9,2011,8,a,6.3809,39.8148,39.7718,33.3909,85.0932,81.5064,78.7329,85.1126,81.5791,88.1091,0.0194,0.0727,9.3762,23.9226
2011.09.009,45.16073333,-66.24936667,1,9,2011,9,a,6.3932,29.1853,29.1025,22.7093,83.5701,80.8534,78.4436,83.5882,81.017,82.6706,0.0181,0.1636,4.227,18.3006
2011.09.010,45.16146667,-66.25561667,1,9,2011,10,a,6.3462,26.4968,26.4684,20.1222,81.3775,79.0327,79.049,81.3864,79.1097,89.5513,0.0089,0.077,10.5023,9.534
2011.09.011,45.16436667,-66.24298333,1,9,2011,11,a,6.3396,26.7247,26.6759,20.3363,83.7536,79.5492,77.7667,83.8451,79.7248,79.8782,0.0915,0.1756,2.1115,17.9577
2011.09.012,45.1681,-66.24123333,1,9,2011,12,a,6.2707,27.2416,27.1873,20.9166,80.2823,80.0623,78.4884,80.3381,80.1554,79.919,0.0558,0.0931,1.4306,19.3371
2011.09.013,45.17196667,-66.24043333,1,9,2011,13,a,6.4006,24.6198,24.5709,18.1703,85.0941,81.509,78.7358,85.1005,81.6073,79.7255,0.0064,0.0983,0.9897,17.0759
2011.09.014,45.17621667,-66.24136667,1,9,2011,14,a,6.3702,31.7205,31.6817,25.3115,83.5734,80.8518,78.4474,83.5979,81.005,79.7897,0.0245,0.1532,1.3423,23.7915
2011.09.015,45.17948333,-66.24303333,1,9,2011,15,a,6.3636,22.1215,22.0825,15.7189,81.3795,79.0342,79.045,81.3957,79.0944,80.0223,0.0162,0.0602,0.9773,14.6652
2011.09.016,45.18268333,-66.248,1,9,2011,16,a,6.3384,26.1637,26.1388,19.8004,83.751,79.5471,77.764,83.7806,79.719,79.1893,0.0296,0.1719,1.4253,18.1736
2011.09.017,45.18465,-66.2544,1,9,2011,17,a,6.2701,32.0065,31.9998,25.7297,80.2775,80.0603,78.4852,105.4385,80.0936,78.5703,25.161,0.0333,0.0851,0.4503
2011.09.018,45.1862,-66.25833333,1,9,2011,18,a,6.3999,27.4707,27.4716,21.0717,85.0947,81.5119,78.7303,102.5969,81.6589,78.9525,17.5022,0.147,0.2222,3.2003
2011.09.019,45.18993333,-66.26146667,1,9,2011,19,a,6.3701,18.1565,18.1512,11.7811,83.5694,80.8489,78.4458,83.9318,81.0257,79.2381,0.3624,0.1768,0.7923,10.4496
2011.09.020,45.18015,-66.24695,1,9,2011,20,a,6.3627,31.7029,31.639,25.2763,81.376,79.0287,79.041,81.6676,79.3317,83.7345,0.2916,0.303,4.6935,19.9882
2011.09.021,45.17988333,-66.24995,1,9,2011,21,a,6.2773,16.7398,16.695,10.4177,83.736,79.5341,77.7515,83.7608,79.5812,78.0588,0.0248,0.0471,0.3073,10.0385
2011.09.022,45.17761667,-66.2461,1,9,2011,22,a,6.308,28.8064,28.7704,22.4624,80.2738,80.0482,78.4722,80.2928,80.0856,80.0413,0.019,0.0374,1.5691,20.8369
2011.09.023,45.17776667,-66.23883333,1,9,2011,23,a,6.3345,27.7408,27.6443,21.3098,85.0839,81.4984,78.7183,85.1138,81.5696,80.2979,0.0299,0.0712,1.5796,19.6291
2011.09.024,45.17438333,-66.2332,1,9,2011,24,a,6.3538,29.2358,29.1029,22.7491,83.564,80.8365,78.436,83.7615,80.9439,80.0402,0.1975,0.1074,1.6042,20.84
2011.09.025,45.16796667,-66.2282,1,9,2011,25,a,6.3354,27.7383,27.7248,21.3894,81.3711,79.0222,79.0319,81.4063,79.1148,83.1676,0.0352,0.0926,4.1357,17.1259
2011.09.026,45.16443333,-66.22783333,1,9,2011,26,a,6.339,19.506,19.4957,13.1567,83.7455,79.537,77.7551,83.7572,79.594,78.4676,0.0117,0.057,0.7125,12.3755
2011.09.027,45.16175,-66.23966667,1,9,2011,27,a,6.27,29.9279,29.9148,23.6448,80.2795,80.0513,78.479,81.5764,84.0973,84.7078,1.2969,4.046,6.2288,12.0731
2011.09.028,45.16221667,-66.24161667,1,9,2011,28,a,6.3999,25.2221,25.1552,18.7553,85.0937,81.5054,78.725,85.2428,82.3478,80.9931,0.1491,0.8424,2.2681,15.4957
2011.09.029,45.15868333,-66.26436667,1,9,2011,29,a,6.3683,24.1549,24.0936,17.7253,83.567,80.8442,78.4389,83.5873,80.902,79.1151,0.0203,0.0578,0.6762,16.971
2011.09.030,45.16486667,-66.26916667,1,9,2011,30,a,6.3465,28.5754,28.4893,22.1428,81.3734,79.026,79.0361,81.3864,79.0645,79.5015,0.013,0.0385,0.4654,21.6259
2012.09.001,45.14066667,-66.2617,20,9,2012,1,a,6.3384,10.7621,10.7345,4.3961,83.7402,79.5253,77.7598,84.0219,79.5572,77.9666,0.2817,0.0319,0.2068,3.8757
2012.09.002,45.1425,-66.26121667,20,9,2012,2,a,6.269,26.8551,26.7484,20.4794,80.2784,80.0524,78.485,81.373,80.137,81.4767,1.0946,0.0846,2.9917,16.3085
2012.09.003,45.14506667,-66.24898333,20,9,2012,3,,,,,,,,,,,,,,,
2012.09.004,45.1482,-66.24985,20,9,2012,4,a,6.3685,40.0546,39.8969,33.5284,83.5747,80.8611,78.451,85.2147,81.8847,81.8488,1.64,1.0236,3.3978,27.467
2012.09.005,45.15035,-66.24948333,20,9,2012,5,a,6.362,28.9626,28.8708,22.5088,81.3777,79.0278,79.0408,83.6001,81.2894,81.5361,2.2224,2.2616,2.4953,15.5295
2012.09.006,45.15235,-66.25076667,20,9,2012,6,a,6.2761,17.8207,17.7602,11.4841,83.7483,79.5312,77.762,83.7501,79.5717,79.6905,0.0018,0.0405,1.9285,9.5133
2012.09.007,45.15475,-66.25176667,20,9,2012,7,a,6.3073,30.5989,30.5279,24.2206,80.2837,80.0582,78.4839,80.2899,80.0834,82.0391,0.0062,0.0252,3.5552,20.634
2012.09.008,45.1568,-66.23981667,20,9,2012,8,a,6.3338,24.8863,24.8159,18.4821,85.0908,81.5095,78.7323,85.0939,81.5591,82.6423,0.0031,0.0496,3.91,14.5194
2012.09.009,45.15425,-66.23923333,20,9,2012,9,a,6.3523,38.8299,38.6706,32.3183,83.5693,80.8564,78.4434,83.612,81.1664,82.8317,0.0427,0.31,4.3883,27.5773
2012.09.010,45.15175,-66.2392,20,9,2012,10,a,6.3362,30.0721,29.9627,23.6265,81.376,79.0174,79.0352,81.3919,79.354,84.8271,0.0159,0.3366,5.7919,17.4821
2012.09.011,45.16275,-66.24456667,20,9,2012,11,a,6.3391,16.3815,16.3635,10.0244,83.7431,79.5593,77.8301,83.7617,80.2076,81.7196,0.0186,0.6483,3.8895,5.468
2012.09.012,45.16485,-66.24356667,20,9,2012,12,a,6.4804,27.1075,26.9848,20.5044,80.3202,80.2719,78.4946,80.3526,80.3495,81.0736,0.0324,0.0776,2.579,17.8154
2012.09.013,45.16751667,-66.24195,20,9,2012,13,a,6.3808,19.3626,19.2718,12.891,85.0979,81.5059,78.7502,85.1328,81.6349,79.9978,0.0349,0.129,1.2476,11.4795
2012.09.014,45.17108333,-66.24091667,20,9,2012,14,a,6.3913,25.8453,25.7464,19.3551,83.5776,80.8623,78.4567,83.6201,81.0832,80.9823,0.0425,0.2209,2.5256,16.5661
2012.09.015,45.17316667,-66.24105,20,9,2012,15,a,6.3459,18.1996,18.1245,11.7786,81.3776,79.0578,79.0366,81.3969,79.0941,79.8251,0.0193,0.0363,0.7885,10.9345
2012.09.016,45.17491667,-66.24115,20,9,2012,16,a,6.3393,25.3325,25.2018,18.8625,83.7345,79.5224,77.7572,83.7887,79.6502,78.4648,0.0542,0.1278,0.7076,17.9729
2012.09.017,45.1774,-66.2422,20,9,2012,17,a,6.2706,23.2999,23.2329,16.9623,80.2708,80.0512,78.4827,80.3164,80.1062,79.8484,0.0456,0.055,1.3657,15.496
2012.09.018,45.18061667,-66.24435,20,9,2012,18,a,6.4005,14.9952,14.9474,8.5469,85.0819,81.5036,78.7305,85.0947,81.5358,78.9316,0.0128,0.0322,0.2011,8.3008
2012.09.019,45.18186667,-66.24871667,20,9,2012,19,a,6.3703,25.9866,25.8796,19.5093,83.5642,80.8445,78.4414,83.6562,80.9804,79.3715,0.092,0.1359,0.9301,18.3513
2012.09.020,45.18368333,-66.25246667,20,9,2012,20,a,6.3619,22.0009,21.962,15.6001,81.3691,79.019,79.0303,82.0377,79.3317,80.5062,0.6686,0.3127,1.4759,13.1429
2012.09.021,45.18345,-66.25366667,20,9,2012,21,a,6.3395,20.0904,20.0499,13.7104,83.7436,79.5357,77.7628,83.7773,79.619,78.5727,0.0337,0.0833,0.8099,12.7835
2012.09.022,45.18145,-66.25205,20,9,2012,22,a,6.4804,28.1655,28.0732,21.5928,80.2827,80.0553,78.4871,80.3878,80.1665,79.9074,0.1051,0.1112,1.4203,19.9562
2012.09.023,45.17996667,-66.25066667,20,9,2012,23,a,6.3816,12.8137,12.7881,6.4065,85.0966,81.5102,78.7319,85.0983,81.5228,79.0976,0.0017,0.0126,0.3657,6.0265
2012.09.024,45.17843333,-66.24733333,20,9,2012,24,a,6.3925,25.2572,25.2204,18.8279,83.5677,80.853,78.4522,83.991,82.4651,86.1474,0.4233,1.6121,7.6952,9.0973
2012.09.025,45.17496667,-66.24766667,20,9,2012,25,a,6.3448,26.225,26.1518,19.807,81.375,79.0221,79.0371,81.4145,79.1188,81.6817,0.0395,0.0967,2.6446,17.0262
2012.09.026,45.17261667,-66.24376667,20,9,2012,26,a,6.3394,25.0735,25.0516,18.7122,83.749,79.543,77.7584,83.8445,92.938,80.6055,0.0955,13.395,2.8471,2.3746
2012.09.027,45.16855,-66.23823333,20,9,2012,27,a,6.2703,23.1315,23.0707,16.8004,80.2833,80.0575,78.4845,80.2891,80.0967,79.9143,0.0058,0.0392,1.4298,15.3256
2012.09.028,45.16638333,-66.23505,20,9,2012,28,a,6.3999,21.3769,21.3331,14.9332,85.0896,81.5589,78.7253,85.1197,81.6279,81.9709,0.0301,0.069,3.2456,11.5885
2012.09.029,45.16525,-66.23,20,9,2012,29,a,6.3702,15.6708,15.6596,9.2894,83.5803,80.861,78.4437,83.5932,80.9132,81.6962,0.0129,0.0522,3.2525,5.9718
2012.09.030,45.16455,-66.23131667,20,9,2012,30,a,6.3625,29.5876,29.5563,23.1938,81.3739,79.121,79.0376,81.3953,79.1984,92.6527,0.0214,0.0774,13.6151,9.4799
2014.08.001,45.14815,-66.25416667,11,8,2014,1,,,,,,,,,,,,,,,
2014.08.002,45.1494,-66.25515,11,8,2014,2,a,6.3079,18.457,18.3892,12.0813,80.284,80.0591,78.4953,80.2841,80.07,78.6281,0.0001,0.0109,0.1328,11.9375
2014.08.003,45.15006667,-66.25733333,11,8,2014,3,a,6.3335,16.7218,16.6597,10.3262,85.0909,81.5237,78.7419,85.0917,81.5291,78.8285,0.0008,0.0054,0.0866,10.2334
2014.08.004,45.16815,-66.25006667,11,8,2014,4,a,6.3691,28.4973,28.4515,22.0824,83.5849,80.8857,78.4558,83.588,80.9496,88.3969,0.0031,0.0639,9.9411,12.0743
2014.08.005,45.17051667,-66.24845,11,8,2014,5,a,6.3619,25.9629,25.913,19.5511,81.3827,79.0259,79.0415,81.3866,79.0572,83.0507,0.0039,0.0313,4.0092,15.5067
2014.08.006,45.17008333,-66.24563333,11,8,2014,6,a,6.3382,20.5356,20.5094,14.1712,83.7467,79.5443,77.767,83.764,79.643,83.6626,0.0173,0.0987,5.8956,8.1596
2014.08.007,45.16298333,-66.23688333,11,8,2014,7,a,6.479,22.4802,22.416,15.937,80.2795,80.0588,78.4855,80.2927,80.6682,84.2348,0.0132,0.6094,5.7493,9.5651
2014.08.008,45.16028333,-66.23401667,11,8,2014,8,,,,,,,,,,,,,,,
2014.08.009,45.1584,-66.23653333,11,8,2014,9,a,6.38,17.4779,17.4545,11.0745,85.0885,81.5136,78.7318,85.0955,81.5582,83.0036,0.007,0.0446,4.2718,6.7511
2014.08.010,45.15853333,-66.24908333,11,8,2014,10,a,6.3916,11.1165,11.104,4.7124,83.573,80.8696,78.4552,83.5733,80.8941,79.3803,0.0003,0.0245,0.9251,3.7625
2014.08.011,45.16633333,-66.24208333,11,8,2014,11,a,6.3474,9.7649,9.7427,3.3953,81.3734,79.0175,79.0304,81.3856,79.044,79.1608,0.0122,0.0265,0.1304,3.2262
2014.08.012,45.16903333,-66.2413,11,8,2014,12,a,6.3381,15.9467,15.9201,9.582,83.7443,79.537,77.7656,83.7565,79.5583,77.9742,0.0122,0.0213,0.2086,9.3399
2014.08.013,45.17096667,-66.2413,11,8,2014,13,a,6.2682,17.5102,17.4901,11.2219,80.2815,80.058,78.4854,80.2888,80.098,80.1767,0.0073,0.04,1.6913,9.4833
2014.08.014,45.1742,-66.24121667,11,8,2014,14,a,6.3986,18.9969,18.9659,12.5673,85.0929,81.5125,78.7805,85.1069,81.5649,79.5866,0.014,0.0524,0.8061,11.6948
2014.08.015,45.1784,-66.24381667,11,8,2014,15,a,6.3687,24.0671,24.0407,17.672,83.5707,80.8651,78.4481,83.6164,81.049,79.9071,0.0457,0.1839,1.459,15.9834
2014.08.016,45.18006667,-66.24543333,11,8,2014,16,a,6.3614,26.627,26.5994,20.238,81.3747,79.0191,79.0321,81.443,79.4215,80.9625,0.0683,0.4024,1.9304,17.8369
2014.08.017,45.18275,-66.24663333,11,8,2014,17,a,6.34,14.4475,14.4252,8.0852,83.7427,79.5354,77.7661,83.752,79.5559,78.018,0.0093,0.0205,0.2519,7.8035
2014.08.018,45.18305,-66.25091667,11,8,2014,18,a,6.48,19.8794,19.8706,13.3906,80.2792,80.0603,78.4888,90.0898,81.3424,78.6991,9.8106,1.2821,0.2103,2.0876
2014.08.019,45.18495,-66.25436667,11,8,2014,19,a,6.3808,34.1039,34.0511,27.6703,85.0893,81.5138,78.7323,85.2484,81.6722,80.6615,0.1591,0.1584,1.9292,25.4236
2014.08.020,45.186,-66.25748333,11,8,2014,20,a,,,,,,,,,,,,,,
2014.08.021,45.18233333,-66.25271667,11,8,2014,21,a,6.3916,14.1005,13.8538,7.4622,83.5685,80.864,78.4537,83.5874,80.9171,78.8492,0.0189,0.0531,0.3955,6.9947
2014.08.022,45.18068333,-66.25113333,11,8,2014,22,a,6.3465,14.333,14.3157,7.9692,81.3739,79.0238,79.036,81.382,79.0481,79.4156,0.0081,0.0243,0.3796,7.5572
2014.08.023,45.17841667,-66.24851667,11,8,2014,23,a,6.3388,13.8794,13.8717,7.5329,83.7445,79.5315,77.7636,83.7588,79.5489,79.0185,0.0143,0.0174,1.2549,6.2463
2014.08.024,45.17545,-66.23778333,11,8,2014,24,a,6.2698,16.1846,16.1673,9.8975,80.2917,80.0567,78.487,80.2921,80.0705,79.0103,0.0004,0.0138,0.5233,9.36
2014.08.025,45.17206667,-66.23495,11,8,2014,25,a,6.3994,15.4041,15.3948,8.9954,85.0918,81.5119,78.7337,85.096,81.5492,80.1283,0.0042,0.0373,1.3946,7.5593
2014.08.026,45.16983333,-66.23178333,11,8,2014,26,a,6.3701,17.7964,17.7752,11.4051,83.5732,80.8624,78.4493,83.5771,80.8945,79.9357,0.0039,0.0321,1.4864,9.8827
2014.08.027,45.16586667,-66.22843333,11,8,2014,27,a,6.3609,16.2626,16.2597,9.8988,81.3737,79.022,79.0345,81.3782,79.3295,80.1852,0.0045,0.3075,1.1507,8.4361
2014.08.028,45.1609,-66.26056667,11,8,2014,28,a,6.3378,21.1802,21.1616,14.8238,83.7473,79.5321,77.7634,83.7495,79.5651,83.356,0.0022,0.033,5.5926,9.196
2014.08.029,45.16058333,-66.26431667,11,8,2014,29,a,6.4787,23.8955,23.8775,17.3988,80.2873,80.0595,78.4843,80.3005,80.2191,80.3943,0.0132,0.1596,1.91,15.316
2014.08.030,45.15673333,-66.26231667,11,8,2014,30,a,6.38,13.2176,13.2098,6.8298,85.0876,81.5122,78.7342,85.0904,81.5145,79.3447,0.0028,0.0023,0.6105,6.2142
2014.11.001,45.16351667,-66.26941667,6,11,2014,1,a,6.3394,17.4934,17.4656,11.1262,83.7355,79.5341,77.7472,83.7376,79.5419,77.9825,0.0021,0.0078,0.2353,10.881
2014.11.002,45.16195,-66.26801667,6,11,2014,2,a,6.2711,21.8236,21.7771,15.506,80.2795,80.0464,78.488,80.8003,80.443,79.0827,0.5208,0.3966,0.5947,13.9939
2014.11.003,45.16113333,-66.26393333,6,11,2014,3,a,6.4003,21.0063,20.9843,14.584,85.0801,81.4961,78.7129,85.1334,81.5682,79.7118,0.0533,0.0721,0.9989,13.4597
2014.11.004,45.17465,-66.24866667,6,11,2014,4,a,6.3548,23.2508,23.2179,16.8631,83.5385,80.7874,78.4424,83.5763,80.9117,80.437,0.0378,0.1243,1.9946,14.7064
2014.11.005,45.17481667,-66.24541667,6,11,2014,5,a,6.3378,20.0792,20.0728,13.735,81.3433,79.0167,79.0304,81.3921,81.4508,85.9795,0.0488,2.4341,6.9491,4.303
2014.11.006,45.177,-66.24715,6,11,2014,6,a,6.279,20.4812,20.4451,14.1661,83.731,79.5035,77.749,83.739,79.5459,81.5031,0.008,0.0424,3.7541,10.3616
2014.11.007,45.17873333,-66.23805,6,11,2014,7,a,6.3093,21.6159,21.5553,15.246,80.2795,80.0407,78.4801,80.2993,80.1349,79.4031,0.0198,0.0942,0.923,14.209
2014.11.008,45.17503333,-66.23608333,6,11,2014,8,a,6.3343,21.7007,21.6565,15.3222,85.0862,81.4764,78.7103,85.1058,81.5363,80.5887,0.0196,0.0599,1.8784,13.3643
2014.11.009,45.17203333,-66.2321,6,11,2014,9,a,6.3693,25.8328,25.7512,19.3819,83.5409,80.7831,78.4342,83.5669,80.9343,80.8859,0.026,0.1512,2.4517,16.753
2014.11.010,45.16843333,-66.22668333,6,11,2014,10,a,6.3623,22.7742,22.7151,16.3528,81.3567,79.0167,79.0316,81.4031,79.1869,80.8165,0.0464,0.1702,1.7849,14.3513
2014.11.011,45.18408333,-66.25236667,6,11,2014,11,a,6.338,23.0683,23.0088,16.6708,83.7372,79.5082,77.7628,84.0614,79.9885,78.8439,0.3242,0.4803,1.0811,14.7852
2014.11.012,45.18098333,-66.24713333,6,11,2014,12,a,6.299,18.8745,18.8295,12.5305,80.2871,80.0573,78.4913,80.3148,80.1774,80.1149,0.0277,0.1201,1.6236,10.7591
2014.11.013,45.17464667,-66.2435,6,11,2014,13,a,6.398,20.1958,20.1529,13.7549,85.0895,81.4897,78.7208,85.0895,81.541,79.6312,0,0.0513,0.9104,12.7932
2014.11.014,45.17563333,-66.24203333,6,11,2014,14,a,6.352,25.6451,25.5882,19.2362,83.55,80.8022,78.4445,83.5989,81.4035,81.2271,0.0489,0.6013,2.7826,15.8034
2014.11.015,45.17375,-66.2406,6,11,2014,15,a,6.336,16.4932,16.4419,10.1059,81.367,79.0226,79.0388,81.4332,79.2304,79.5718,0.0662,0.2078,0.533,9.2989
2014.11.016,45.17181667,-66.2412,6,11,2014,16,a,6.3386,22.9676,22.9114,16.5728,83.7333,79.4945,77.7489,83.757,79.7898,79.9409,0.0237,0.2953,2.192,14.0618
2014.11.017,45.16898333,-66.24083333,6,11,2014,17,a,6.2703,22.8546,22.7722,16.5019,80.2729,80.0401,78.4769,80.3631,80.2657,79.6257,0.0902,0.2256,1.1488,15.0373
2014.11.018,45.16783333,-66.24201667,6,11,2014,18,a,6.3994,21.404,21.3462,14.9468,85.0836,81.4753,78.7116,85.1124,81.601,80.3215,0.0288,0.1257,1.6099,13.1824
2014.11.019,45.16588333,-66.24215,6,11,2014,19,a,6.3533,17.6593,17.6076,11.2543,83.5425,80.7934,78.4367,83.5901,80.8828,79.377,0.0476,0.0894,0.9403,10.177
2014.11.020,45.16526667,-66.243,6,11,2014,20,a,6.3359,11.5132,11.4763,5.1404,81.3577,79.0123,79.024,81.3606,79.0712,79.2725,0.0029,0.0589,0.2485,4.8301
2014.11.021,45.16661667,-66.24516667,6,11,2014,21,a,6.2785,24.0643,24.02,17.7415,83.7423,79.51,77.7629,83.7665,79.631,82.2911,0.0242,0.121,4.5282,13.0681
2014.11.022,45.16413333,-66.24783333,6,11,2014,22,a,6.3092,16.6309,16.6242,10.315,80.272,80.0565,78.4871,80.2721,80.0915,82.9547,0.0001,0.035,4.4676,5.8123
2014.11.023,45.16063333,-66.24581667,6,11,2014,23,a,6.3341,13.248,13.2415,6.9074,85.0858,81.4886,78.72,85.0934,84.7869,80.6521,0.0076,3.2983,1.9321,1.6694
2014.11.024,45.15598333,-66.2475,6,11,2014,24,a,6.3696,26.0652,26.0525,19.6829,83.5513,80.798,78.4409,83.5699,80.9894,80.8854,0.0186,0.1914,2.4445,17.0284
2014.11.025,45.15623333,-66.24236667,6,11,2014,25,a,6.3629,24.0217,23.989,17.6261,81.368,79.0248,79.0306,82.2482,83.8879,82.3918,0.8802,4.8631,3.3612,8.5216
2014.11.026,45.15333333,-66.24251667,6,11,2014,26,a,6.2806,16.0835,16.0726,9.792,83.7399,79.5072,77.7653,83.764,79.7811,79.3082,0.0241,0.2739,1.5429,7.9511
2014.11.027,45.15286667,-66.24693333,6,11,2014,27,a,6.3093,18.6439,18.6376,12.3283,80.2818,80.0572,78.4986,80.2818,80.1023,80.4731,0,0.0451,1.9745,10.3087
2014.11.028,45.15713333,-66.25226667,6,11,2014,28,a,6.3351,19.4425,19.4358,13.1007,85.0934,81.5022,78.722,85.1011,81.5717,80.6226,0.0077,0.0695,1.9006,11.1229
2014.11.029,45.15373333,-66.2558,6,11,2014,29,a,6.37,21.2848,21.2591,14.8891,83.551,80.8005,78.4476,83.5585,80.9006,79.1233,0.0075,0.1001,0.6757,14.1058
2014.11.030,45.14876667,-66.24763333,6,11,2014,30,a,6.3647,16.9114,16.8868,10.5221,81.3742,79.0347,79.0332,81.3822,79.1103,79.8451,0.008,0.0756,0.8119,9.6266
2015.08.001,45.16577,-66.23009,27,8,2015,1,a,6.2783,32.9404,32.8334,26.5551,83.7365,79.5211,77.744,84.0555,80.269,91.5364,0.319,0.7479,13.7924,11.6958
2015.08.002,45.16772,-66.22815,27,8,2015,2,a,6.3089,51.9119,51.6883,45.3794,80.2644,80.0601,78.4622,80.3812,80.4511,96.9642,0.1168,0.391,18.502,26.3696
2015.08.003,45.17036,-66.22764,27,8,2015,3,a,6.2763,28.8789,28.747,22.4707,83.7183,79.4974,77.7356,83.7895,79.681,80.6258,0.0712,0.1836,2.8902,19.3257
2015.08.004,45.17069,-66.23492,27,8,2015,4,a,6.3077,43.9261,43.6928,37.3851,80.253,80.048,78.4879,80.3296,80.4714,84.8039,0.0766,0.4234,6.316,30.5691
2015.08.005,45.17599,-66.23711,27,8,2015,5,a,6.277,39.9473,39.735,33.458,83.7356,79.5288,77.7534,83.7572,80.3288,80.1256,0.0216,0.8,2.3722,30.2642
2015.08.006,45.17815,-66.24024,27,8,2015,6,a,6.3076,26.444,26.2785,19.9709,80.2452,80.0523,78.5098,80.2459,80.0983,79.3885,0.0007,0.046,0.8787,19.0455
2015.08.007,45.17352,-66.24487,27,8,2015,7,a,6.275,35.0866,34.9568,28.6818,83.7193,79.4878,77.7435,83.7836,89.3197,89.8105,0.0643,9.8319,12.067,6.7186
2015.08.008,45.17648,-66.24787,27,8,2015,8,a,6.3072,32.4125,32.2783,25.9711,80.268,80.0321,78.492,80.3617,80.6473,85.0265,0.0937,0.6152,6.5345,18.7277
2015.08.009,45.18117,-66.25131,27,8,2015,9,a,6.2767,27.3581,27.2479,20.9712,83.7258,79.5042,77.7612,83.7506,79.668,79.9553,0.0248,0.1638,2.1941,18.5885
2015.08.010,45.18631,-66.25588,27,8,2015,10,a,6.3063,27.2587,27.1356,20.8293,80.2466,80.0422,78.4963,80.3251,80.3221,80.512,0.0785,0.2799,2.0157,18.4552
2015.08.011,45.1861,-66.25672,27,8,2015,11,a,6.2755,29.8103,29.794,23.5185,83.7175,79.4924,77.7531,106.1831,79.7665,77.8875,22.4656,0.2741,0.1344,0.6444
2015.08.012,45.18435,-66.25386,27,8,2015,12,a,6.3058,37.6582,37.6025,31.2967,80.249,80.038,78.4967,100.1775,83.0749,79.6202,19.9285,3.0369,1.1235,7.2078
2015.08.013,45.18241,-66.24945,27,8,2015,13,a,6.2773,26.4707,26.3289,20.0516,83.746,79.5143,77.7656,83.7831,79.8146,79.2204,0.0371,0.3003,1.4548,18.2594
2015.08.014,45.17991,-66.24563,27,8,2015,14,a,6.3085,29.953,29.8158,23.5073,80.292,80.0593,78.5037,80.3208,80.2994,83.1006,0.0288,0.2401,4.5969,18.6415
2015.08.015,45.17692,-66.2419,27,8,2015,15,a,6.278,29.385,29.1825,22.9045,83.7353,79.5153,77.7626,83.7354,79.7257,78.7408,0.0001,0.2104,0.9782,21.7158
2015.08.016,45.17232,-66.24076,27,8,2015,16,a,6.3108,23.9575,23.784,17.4732,80.2902,80.0585,78.503,80.382,80.7997,79.8893,0.0918,0.7412,1.3863,15.2539
2015.08.017,45.16754,-66.2415,27,8,2015,17,a,6.3351,27.4225,27.2612,20.9261,85.1024,81.4923,78.7148,85.4663,82.7214,80.3068,0.3639,1.2291,1.592,17.7411
2015.08.018,45.16583,-66.24249,27,8,2015,18,a,6.3708,27.5908,27.4275,21.0567,83.5546,80.8044,78.4246,83.6506,81.3225,79.7473,0.096,0.5181,1.3227,19.1199
2015.08.019,45.16427,-66.24145,27,8,2015,19,a,6.2782,45.1928,44.9645,38.6863,83.7441,79.5109,77.7574,83.8593,80.6264,85.1363,0.1152,1.1155,7.3789,30.0767
2015.08.020,45.16336,-66.2443,27,8,2015,20,a,6.3629,36.9228,36.7021,30.3392,81.3727,79.0266,79.0281,81.5073,79.6545,82.9621,0.1346,0.6279,3.934,25.6427
2015.08.021,45.16897,-66.2472,27,8,2015,21,a,6.3088,45.2052,45.0737,38.7649,80.2939,80.0569,78.5005,80.3277,83.9036,100.8414,0.0338,3.8467,22.3409,12.5435
2015.08.022,45.15854,-66.25994,27,8,2015,22,,,,,,,,,,,,,,,
2015.08.023,45.15367,-66.25056,27,8,2015,23,a,6.3351,34.5593,34.2345,27.8994,85.0964,81.4885,78.7131,85.1202,81.898,83.874,0.0238,0.4095,5.1609,22.3052
2015.08.024,45.15341,-66.24623,27,8,2015,24,a,6.3692,44.1853,43.9395,37.5703,83.5516,80.8014,78.4257,83.5625,81.7097,91.4597,0.0109,0.9083,13.034,23.6171
2015.08.025,45.15206,-66.24217,27,8,2015,25,a,6.362,33.7514,33.4573,27.0953,81.3722,79.024,79.0312,81.4277,80.0661,83.4452,0.0555,1.0421,4.414,21.5837
2015.08.026,45.15132,-66.23825,27,8,2015,26,a,6.3332,48.6527,48.3895,42.0563,85.0815,81.4784,78.7145,85.1303,82.7526,88.2854,0.0488,1.2742,9.5709,31.1624
2015.08.027,45.15356,-66.23567,27,8,2015,27,a,6.3076,30.9364,30.8105,24.5029,80.2764,80.0448,79.4955,80.2895,80.179,83.6725,0.0131,0.1342,4.177,20.1786
2015.08.028,45.15779,-66.2338,27,8,2015,28,a,6.278,34.1144,34.0549,27.7769,83.7298,79.4924,77.7582,83.7555,82.6775,92.371,0.0257,3.1851,14.6128,9.9533
2015.08.029,45.15942,-66.23759,27,8,2015,29,a,6.368,42.4763,42.3345,35.9665,83.534,80.7868,78.4374,83.5653,85.2255,95.9375,0.0313,4.4387,17.5001,13.9964
2015.08.030,45.14748,-66.25175,27,8,2015,30,a,6.3614,25.9658,25.8535,19.4921,81.3591,79.0085,79.0141,81.3755,79.5878,80.4518,0.0164,0.5793,1.4377,17.4587
2016.01.001,45.14455,-66.24793,25,1,2016,1,a,6.3382,42.0203,41.8086,35.4704,83.7421,79.5087,77.7628,83.9402,80.6308,84.6409,0.1981,1.1221,6.8781,27.2721
2016.01.002,45.14542,-66.24922,25,1,2016,2,a,6.2694,49.2502,49.0845,42.8151,80.2812,80.0542,78.4925,85.283,81.4763,81.8363,5.0018,1.4221,3.3438,33.0474
2016.01.003,45.14757,-66.25099,25,1,2016,3,a,6.3987,39.2584,39.0585,32.6598,85.0925,81.4954,78.7221,85.1101,81.7418,80.2266,0.0176,0.2464,1.5045,30.8913
2016.01.004,45.15248,-66.25071,25,1,2016,4,a,6.3531,59.9005,59.6654,53.3123,83.553,80.8017,78.4403,83.5895,81.2525,86.5967,0.0365,0.4508,8.1564,44.6686
2016.01.005,45.15694,-66.24955,25,1,2016,5,a,6.3354,50.0879,49.9515,43.6161,81.3705,79.0258,79.0319,81.3793,79.2455,90.7843,0.0088,0.2197,11.7524,31.6352
2016.01.006,45.15677,-66.24365,25,1,2016,6,a,6.2781,48.7199,48.661,42.3829,83.7335,79.5008,77.7718,85.8945,97.7308,93.4965,2.161,18.23,15.7247,6.2672
2016.01.007,45.15773,-66.23724,25,1,2016,7,a,6.3085,53.2733,53.1358,46.8273,80.2791,80.0505,78.4934,80.3217,80.3156,94.5221,0.0426,0.2651,16.0287,30.4909
2016.01.008,45.16041,-66.23427,25,1,2016,8,a,6.3336,47.9715,47.9135,41.5799,85.0891,81.4894,78.723,85.0951,81.6096,102.2063,0.006,0.1202,23.4833,17.9704
2016.01.009,45.16006,-66.24839,25,1,2016,9,a,6.3692,46.013,45.9803,39.6111,83.5436,80.7925,78.4635,83.5552,81.1514,98.8708,0.0116,0.3589,20.4073,18.8333
2016.01.010,45.15997,-66.25611,25,1,2016,10,a,6.3624,51.4001,51.3744,45.012,81.36,79.0132,79.0348,81.3764,79.3309,105.8278,0.0164,0.3177,26.793,17.8849
2016.01.011,45.15818,-66.26277,25,1,2016,11,a,6.3391,42.8429,42.705,36.3659,83.7535,79.5802,77.7608,83.8205,79.7287,82.3717,0.067,0.1485,4.6109,31.5395
2016.01.012,45.16069,-66.26356,25,1,2016,12,a,6.2706,47.8219,47.7465,41.4759,80.2773,80.0512,78.5111,80.3487,80.1646,88.5577,0.0714,0.1134,10.0466,31.2445
2016.01.013,45.17071,-66.2431,25,1,2016,13,a,6.3989,70.1217,70.0146,63.6157,85.0878,81.4815,78.7218,85.2659,103.0818,95.9809,0.1781,21.6003,17.2591,24.5782
2016.01.014,45.17364,-66.24345,25,1,2016,14,a,6.3536,61.0173,60.9058,54.5522,83.5455,80.7947,78.4642,83.6541,82.2058,98.7395,0.1086,1.4111,20.2753,32.7572
2016.01.015,45.17649,-66.24634,25,1,2016,15,a,6.3371,33.9282,33.7877,27.4506,81.358,79.0161,79.0558,81.3988,79.1026,82.8423,0.0408,0.0865,3.7865,23.5368
2016.01.016,45.17962,-66.24943,25,1,2016,16,a,6.276,55.0018,54.8567,48.5807,83.7419,79.5855,77.7701,83.7694,79.7062,84.9107,0.0275,0.1207,7.1406,41.2919
2016.01.017,45.17941,-66.2411,25,1,2016,17,a,6.3062,36.7085,36.5428,30.2366,80.2749,80.0536,78.5094,80.2945,80.1343,79.8609,0.0196,0.0807,1.3515,28.7848
2016.01.018,45.17588,-66.24783,25,1,2016,18,a,6.333,39.4011,39.248,32.915,85.0845,81.5783,78.7434,85.132,81.7481,82.4848,0.0475,0.1698,3.7414,28.9563
2016.01.019,45.1746,-66.23243,25,1,2016,19,a,6.3668,41.8404,41.6814,35.3146,83.5479,80.7946,78.4859,83.5611,80.9429,79.7488,0.0132,0.1483,1.2629,33.8902
2016.01.020,45.16952,-66.23168,25,1,2016,20,a,6.3613,30.5108,30.4054,24.0441,81.3601,79.0139,79.0634,81.3894,79.1663,82.7827,0.0293,0.1524,3.7193,20.1431
2016.01.021,45.16706,-66.24201,25,1,2016,21,a,6.338,37.8046,37.6553,31.3173,83.7325,79.5575,77.773,83.8078,79.7746,79.5125,0.0753,0.2171,1.7395,29.2854
2016.01.022,45.16863,-66.24115,25,1,2016,22,a,6.2703,38.8772,38.6802,32.4099,80.264,80.0392,78.4953,80.3523,80.217,81.1453,0.0883,0.1778,2.65,29.4938
2016.01.023,45.17208,-66.24072,25,1,2016,23,a,6.399,41.914,41.7303,35.3313,85.0914,81.5339,78.7227,85.15,81.6893,81.9154,0.0586,0.1554,3.1927,31.9246
2016.01.024,45.17608,-66.24228,25,1,2016,24,a,6.3528,41.7948,41.6731,35.3203,83.5346,80.7929,78.4705,83.605,80.964,83.9925,0.0704,0.1711,5.522,29.5568
2016.01.025,45.17902,-66.24468,25,1,2016,25,a,6.3361,50.3249,50.1989,43.8628,81.355,79.0112,79.0423,82.4271,79.9186,89.8213,1.0721,0.9074,10.779,31.1043
2016.01.026,45.18235,-66.24576,25,1,2016,26,a,6.2766,34.3586,34.289,28.0124,83.735,79.5631,77.766,83.7941,79.7809,79.0436,0.0591,0.2178,1.2776,26.4579
2016.01.027,45.18267,-66.24966,25,1,2016,27,a,6.3073,36.0061,35.9894,29.6821,80.268,80.0484,78.4928,80.3214,80.1433,79.9329,0.0534,0.0949,1.4401,28.0937
2016.01.028,45.1836,-66.25199,25,1,2016,28,a,6.3326,44.4516,44.4789,38.1463,85.0761,81.5362,78.7178,85.1523,81.685,81.062,0.0762,0.1488,2.3442,35.5771
2016.01.029,45.18555,-66.25484,25,1,2016,29,a,6.3669,76.5971,76.56,70.1931,83.5384,80.7928,78.4659,144.9788,82.2571,79.3141,61.4404,1.4643,0.8482,6.4402
2016.01.030,45.18862,-66.25916,25,1,2016,30,a,6.3601,41.8049,41.6901,35.33,81.37,79.0235,79.0502,81.5256,79.236,80.5076,0.1556,0.2125,1.4574,33.5045
2016.09.001,45.14331,-66.26158,1,9,2016,1,a,6.3392,49.7089,38.1291,31.7899,83.74,79.5187,77.7469,91.6983,93.8573,80.6679,7.9583,14.3386,2.921,6.572
2016.09.002,45.14306,-66.26341,1,9,2016,2,a,6.2701,50.9355,38.3672,32.0971,80.2658,80.0451,78.478,90.2543,94.6979,79.2195,9.9885,14.6528,0.7415,6.7143
2016.09.003,45.1565,-66.23486,1,9,2016,3,a,6.3994,50.228,39.2498,32.8504,85.0898,81.5161,78.7235,85.2437,82.0838,101.5419,0.1539,0.5677,22.8184,9.3104
2016.09.004,45.15664,-66.23217,1,9,2016,4,,,,,,,,,,,,,,,
2016.09.005,45.16546,-66.22901,1,9,2016,5,a,6.3538,48.227,37.5489,31.1951,83.5534,80.7984,78.4402,83.5698,82.0797,84.2916,0.0164,1.2813,5.8514,24.046
2016.09.006,45.16907,-66.22747,1,9,2016,6,a,6.3369,46.4665,31.8839,25.547,81.3632,79.0178,79.03,81.4621,79.143,82.5711,0.0989,0.1252,3.5411,21.7818
2016.09.007,45.17121,-66.23309,1,9,2016,7,a,6.2782,46.531,30.8231,24.5449,83.7577,79.5595,77.7493,83.7853,79.6923,80.0451,0.0276,0.1328,2.2958,22.0887
2016.09.008,45.17275,-66.23767,1,9,2016,8,a,6.3092,88.985,60.1053,53.7961,80.302,80.0616,78.4758,80.3612,80.182,84.4612,0.0592,0.1204,5.9854,47.6311
2016.09.009,45.1786,-66.2391,1,9,2016,9,a,6.3345,97.184,60.3548,54.0203,85.0921,81.525,78.7395,85.1526,81.6253,80.9551,0.0605,0.1003,2.2156,51.6439
2016.09.010,45.17429,-66.24476,1,9,2016,10,a,6.3691,92.062,74.27,67.9009,83.5487,80.8069,78.4506,85.7971,136.6997,83.916,2.2484,55.8928,5.4654,4.2943
2016.09.011,45.17488,-66.24723,1,9,2016,11,a,6.3619,78.985,54.7085,48.3466,81.3642,79.0182,79.0314,81.5763,79.383,93.4862,0.2121,0.3648,14.4548,33.3149
2016.09.012,45.17799,-66.24846,1,9,2016,12,a,6.3384,90.454,68.8597,62.5213,83.7555,79.5521,77.7586,83.9828,79.9526,108.9119,0.2273,0.4005,31.1533,30.7402
2016.09.013,45.18052,-66.24957,1,9,2016,13,a,6.27,94.4067,70.311,64.041,80.2879,80.0555,78.4846,80.4701,80.4827,99.0701,0.1822,0.4272,20.5855,42.8461
2016.09.014,45.18217,-66.25238,1,9,2016,14,a,6.399,73.2308,50.8808,44.4818,85.0862,81.5197,78.7374,85.1814,81.7226,85.2452,0.0952,0.2029,6.5078,37.6759
2016.09.015,45.18429,-66.25354,1,9,2016,15,a,6.3532,53.3535,45.3295,38.9763,83.5886,80.937,78.4523,121.6241,81.1184,78.5253,38.0355,0.1814,0.073,0.6864
2016.09.016,45.18361,-66.25114,1,9,2016,16,a,6.3371,50.045,36.6622,30.3251,81.3587,79.0177,79.03,93.8658,80.1053,80.5117,12.5071,1.0876,1.4817,15.2487
2016.09.017,45.18241,-66.24641,1,9,2016,17,a,6.2777,49.2971,32.8026,26.5249,83.7464,79.5411,77.7837,83.7789,79.6238,79.2889,0.0325,0.0827,1.5052,24.9045
2016.09.018,45.17975,-66.24358,1,9,2016,18,a,6.3083,47.085,30.6341,24.3258,80.2783,80.0481,78.506,80.3482,80.1572,80.0058,0.0699,0.1091,1.4998,22.647
2016.09.019,45.17707,-66.2422,1,9,2016,19,a,6.3338,43.5321,26.2975,19.9637,85.0847,81.5018,78.7269,85.1394,81.5812,79.8831,0.0547,0.0794,1.1562,18.6734
2016.09.020,45.17441,-66.24135,1,9,2016,20,a,6.3688,46.7812,30.1106,23.7418,83.5912,80.8972,78.4443,83.7211,81.064,82.2558,0.1299,0.1668,3.8115,19.6336
2016.09.021,45.17186,-66.24058,1,9,2016,21,a,6.3616,85.499,51.2205,44.8589,81.3722,79.0171,79.0294,82.1062,79.6193,82.5566,0.734,0.6022,3.5272,39.9955
2016.09.022,45.16997,-66.24098,1,9,2016,22,a,6.3388,80.4591,45.3725,39.0337,83.7506,79.5411,77.7695,84.4002,79.8786,78.9416,0.6496,0.3375,1.1721,36.8745
2016.09.023,45.16793,-66.24178,1,9,2016,23,a,6.2698,48.8815,27.5195,21.2497,80.2845,80.056,78.4933,80.3845,80.1505,79.5793,0.1,0.0945,1.086,19.9692
2016.09.024,45.16626,-66.24243,1,9,2016,24,,,,,,,,,,,,,,,
2016.09.025,45.16733,-66.24674,1,9,2016,25,a,6.3998,48.1535,37.6202,31.2204,85.0926,81.5119,78.7366,85.1199,82.5177,99.4103,0.0273,1.0058,20.6737,9.5136
2016.09.026,45.16631,-66.25062,1,9,2016,26,a,6.3519,51.71,39.967,33.6151,83.5792,80.8797,78.4401,83.6019,81.381,103.1833,0.0227,0.5013,24.7432,8.3479
2016.09.027,45.16316,-66.25193,1,9,2016,27,a,6.3371,50.978,37.6746,31.3375,81.3782,79.0191,79.031,81.4084,79.132,92.9186,0.0302,0.1129,13.8876,17.3068
2016.09.028,45.16191,-66.25628,1,9,2016,28,a,6.3399,60.4792,46.4322,40.0923,83.7484,79.5394,77.7662,83.7735,79.8242,105.1074,0.0251,0.2848,27.3412,12.4412
2016.09.029,45.15649,-66.2512,1,9,2016,29,a,6.4806,95.6697,64.3251,57.8445,80.2768,80.0537,78.4909,80.5985,80.2,87.5918,0.3217,0.1463,9.1009,48.2756
2016.09.030,45.1525,-66.24707,1,9,2016,30,a,6.3815,74.2292,48.0024,41.6209,85.0874,81.5198,78.7347,85.1345,81.6078,85.463,0.0471,0.088,6.7283,34.7575
2016.12.001,45.14203,-66.25927,2,12,2016,1,a,6.3384,39.452,24.1006,17.7622,83.739,79.5486,77.7574,83.7785,79.9716,79.9136,0.0395,0.423,2.1562,15.1435
2016.12.002,45.14163,-66.26181,2,12,2016,2,a,6.2688,45.9379,27.1008,20.832,80.2699,80.051,78.493,80.3705,80.2627,80.6476,0.1006,0.2117,2.1546,18.3651
2016.12.003,45.14596,-66.25015,2,12,2016,3,a,6.3989,46.288,33.3137,26.9148,85.087,81.5193,78.7251,85.2965,81.846,81.0762,0.2095,0.3267,2.3511,24.0275
2016.12.004,45.1474,-66.25282,2,12,2016,4,a,6.3522,53.7705,30.2571,23.9049,83.5614,80.8122,78.463,83.5916,81.0036,79.5117,0.0302,0.1914,1.0487,22.6346
2016.12.005,45.15328,-66.25513,2,12,2016,5,a,6.3355,50.537,27.6225,21.287,81.3647,79.0207,79.0417,81.4426,79.1008,79.8871,0.0779,0.0801,0.8454,20.2836
2016.12.006,45.15735,-66.25906,2,12,2016,6,a,6.2782,52.0296,35.6853,29.4071,83.7409,79.5502,77.7662,83.7871,79.6255,83.7167,0.0462,0.0753,5.9505,23.3351
2016.12.007,45.16278,-66.24873,2,12,2016,7,a,6.3382,52.461,41.2845,34.9463,83.734,79.5321,77.7664,83.7544,79.8235,96.9712,0.0204,0.2914,19.2048,15.4297
2016.12.008,45.15877,-66.24256,2,12,2016,8,a,6.32,44.888,29.7117,23.3917,80.2693,80.0521,78.4891,80.3636,81.9655,84.5602,0.0943,1.9134,6.0711,15.3129
2016.12.009,45.15905,-66.23645,2,12,2016,9,a,6.3344,50.2643,37.903,31.5686,85.0931,81.5215,78.726,85.1154,81.7252,92.1513,0.0223,0.2037,13.4253,17.9173
2016.12.010,45.16201,-66.23696,2,12,2016,10,a,6.3688,54.7241,43.3398,36.971,83.5583,80.8016,78.4569,83.5756,81.4484,106.13,0.0173,0.6468,27.6731,8.6338
2016.12.011,45.16643,-66.23382,2,12,2016,11,a,6.3621,48.7386,33.0188,26.6567,81.3681,79.0231,79.0407,81.5745,79.2227,85.0511,0.2064,0.1996,6.0104,20.2403
2016.12.012,45.16726,-66.23086,2,12,2016,12,a,6.2698,45.3929,28.9416,22.6718,80.2718,80.1248,78.4837,80.3676,80.1655,84.2944,0.0958,0.0407,5.8107,16.7246
2016.12.013,45.16818,-66.22546,2,12,2016,13,a,6.3988,49.921,37.772,31.3732,85.0875,81.5239,78.728,96.6512,83.9763,79.6623,11.5637,2.4524,0.9343,16.4228
2016.12.014,45.17074,-66.22658,2,12,2016,14,a,6.352,44.743,31.4212,25.0692,83.5557,80.8088,78.4545,84.001,87.7253,79.7938,0.4453,6.9165,1.3393,16.3681
2016.12.015,45.17158,-66.23075,2,12,2016,15,a,6.3362,23.1621,14.3077,7.9715,81.3679,79.0238,79.0367,81.6151,79.1386,79.8804,0.2472,0.1148,0.8437,6.7658
2016.12.016,45.17462,-66.23221,2,12,2016,16,a,6.2796,50.964,33.435,27.1554,83.7415,79.5375,77.7693,84.7852,79.8826,78.7951,1.0437,0.3451,1.0258,24.7408
2016.12.017,45.17632,-66.2386,2,12,2016,17,a,6.3064,53.7104,35.0182,28.7118,80.2721,80.0581,78.4916,80.2944,80.1149,80.7864,0.0223,0.0568,2.2948,26.3379
2016.12.018,45.17276,-66.24376,2,12,2016,18,a,6.332,53.4504,41.4856,35.1536,85.0986,81.522,78.7305,85.2894,85.5781,97.27,0.1908,4.0561,18.5395,12.3672
2016.12.019,45.177,-66.24842,2,12,2016,19,a,6.3674,54.7289,34.8557,28.4883,83.5612,80.8209,78.4513,83.7381,80.957,81.4946,0.1769,0.1361,3.0433,25.132
2016.12.020,45.17961,-66.2508,2,12,2016,20,a,6.3605,52.48,35.9101,29.5496,81.3701,79.0252,79.04,81.3911,79.0849,81.1763,0.021,0.0597,2.1363,27.3326
2016.12.021,45.1856,-66.2557,2,12,2016,21,a,6.3376,52.876,44.5783,38.2407,83.7438,79.5363,77.767,116.3426,80.3356,78.2767,32.5988,0.7993,0.5097,4.3329
2016.12.022,45.1823,-66.25017,2,12,2016,22,a,6.2676,53.523,36.2193,29.9517,80.2732,80.0578,78.4878,81.082,81.0465,82.0985,0.8088,0.9887,3.6107,24.5435
2016.12.023,45.18185,-66.24625,2,12,2016,23,a,6.397,46.3722,29.5351,23.1381,85.1001,81.5347,78.733,85.1637,81.7372,80.1499,0.0636,0.2025,1.4169,21.4551
2016.12.024,45.17818,-66.24326,2,12,2016,24,a,6.3512,44.0215,29.4762,23.125,83.5573,80.8146,78.4492,83.6191,81.0139,80.1882,0.0618,0.1993,1.739,21.1249
2016.12.025,45.17556,-66.24143,2,12,2016,25,a,6.3346,41.6659,25.9983,19.6637,81.369,79.0236,79.0369,81.4532,79.2409,80.8967,0.0842,0.2173,1.8598,17.5024
2016.12.026,45.17382,-66.24056,2,12,2016,26,a,6.2798,44.4125,26.2636,19.9838,83.7523,79.5293,77.7581,83.7952,79.5833,78.1367,0.0429,0.054,0.3786,19.5083
2016.12.027,45.17181,-66.24069,2,12,2016,27,a,6.3095,52.953,31.0226,24.7131,80.2684,80.0522,78.4838,80.3608,80.1105,79.5588,0.0924,0.0583,1.075,23.4874
2016.12.028,45.16914,-66.24164,2,12,2016,28,a,6.3351,54.507,37.2331,30.898,85.0958,81.5188,78.7208,85.4051,83.3223,86.4051,0.3093,1.8035,7.6843,21.1009
2016.12.029,45.1668,-66.24186,2,12,2016,29,a,6.3697,51.3614,32.7665,26.3968,83.546,80.8018,78.4443,83.6359,80.8752,79.7284,0.0899,0.0734,1.2841,24.9494
2016.12.030,45.16758,-66.24238,2,12,2016,30,a,6.3631,48.577,30.4515,24.0884,81.3588,79.013,79.0313,81.434,79.1117,80.5313,0.0752,0.0987,1.5,22.4145
2017.02.001,45.1589,-66.26408,23,2,2017,1,a,6.2792,58.9407,43.2604,36.9812,83.7499,79.5474,77.7636,83.7619,79.5795,80.0561,0.012,0.0321,2.2925,34.6446
2017.02.002,45.16162,-66.26668,23,2,2017,2,a,6.3124,69.8184,42.1599,35.8475,80.2852,80.0806,78.4891,80.3412,80.1601,79.8649,0.056,0.0795,1.3758,34.3362
2017.02.003,45.17799,-66.24874,23,2,2017,3,a,6.3369,66.7919,44.5891,38.2522,85.1007,81.5114,78.7332,85.1851,81.603,85.1814,0.0844,0.0916,6.4482,31.628
2017.02.004,45.18042,-66.25159,23,2,2017,4,a,6.3554,62.6707,43.8108,37.4554,83.5705,80.8513,78.444,83.6671,80.9121,81.0462,0.0966,0.0608,2.6022,34.6958
2017.02.005,45.18435,-66.2484,23,2,2017,5,a,6.3633,50.2275,25.7687,19.4054,81.3789,79.0304,79.0418,81.9972,79.1608,79.7536,0.6183,0.1304,0.7118,17.9449
2017.02.006,45.17991,-66.2406,23,2,2017,6,a,6.3389,65.4449,40.2513,33.9124,83.7345,79.527,77.7506,83.8637,79.6084,79.0486,0.1292,0.0814,1.298,32.4038
2017.02.007,45.17903,-66.2379,23,2,2017,7,a,6.4811,70.4251,44.5028,38.0217,80.2687,80.0497,78.4767,80.291,80.0945,79.6615,0.0223,0.0448,1.1848,36.7698
2017.02.008,45.17426,-66.23551,23,2,2017,8,a,6.3817,67.0785,47.8731,41.4914,85.0847,81.4991,78.7268,85.1319,81.5829,84.5785,0.0472,0.0838,5.8517,35.5087
2017.02.009,45.17022,-66.23698,23,2,2017,9,a,6.3948,67.0322,42.8829,36.4881,83.5632,80.8415,78.4396,83.8222,80.9343,82.9765,0.259,0.0928,4.5369,31.5994
2017.02.010,45.16969,-66.23432,23,2,2017,10,a,6.3386,61.9597,39.8245,33.4859,81.3725,79.0253,79.0368,81.4104,79.0857,83.0214,0.0379,0.0604,3.9846,29.403
2017.02.011,45.16877,-66.24135,23,2,2017,11,a,6.2815,67.8406,46.3265,40.045,83.7275,79.521,77.7447,83.9489,81.9021,86.9432,0.2214,2.3811,9.1985,28.244
2017.02.012,45.17028,-66.24154,23,2,2017,12,a,6.3096,67.5093,43.2239,36.9143,80.2598,80.0397,78.4613,80.3883,80.2984,85.098,0.1285,0.2587,6.6367,29.8904
2017.02.013,45.17233,-66.2411,23,2,2017,13,a,6.3353,66.9537,42.1951,35.8598,85.0743,81.4892,78.7172,85.1712,81.6695,82.3888,0.0969,0.1803,3.6716,31.911
2017.02.014,45.17511,-66.24213,23,2,2017,14,a,6.3535,71.2547,49.7195,43.366,83.5455,80.8221,78.4184,84.5999,82.8105,88.3536,1.0544,1.9884,9.9352,30.388
2017.02.015,45.17738,-66.24286,23,2,2017,15,a,6.3607,62.4153,42.0417,35.681,81.3565,79.0059,79.0173,81.4568,79.5505,84.2628,0.1003,0.5446,5.2455,29.7906
2017.02.016,45.17911,-66.24458,23,2,2017,16,a,6.3401,68.095,44.9115,38.5714,83.7248,79.5319,77.7524,84.0753,79.9951,83.8788,0.3505,0.4632,6.1264,31.6313
2017.02.017,45.1807,-66.24631,23,2,2017,17,a,6.4821,68.7983,45.3022,38.8201,80.2588,80.0451,78.47,80.5715,80.7257,83.3065,0.3127,0.6806,4.8365,32.9903
2017.02.018,45.18209,-66.24808,23,2,2017,18,a,6.3828,60.2396,37.956,31.5732,85.0729,81.491,78.714,85.2517,81.6071,81.621,0.1788,0.1161,2.907,28.3713
2017.02.019,45.18236,-66.24939,23,2,2017,19,a,6.3953,67.1616,43.3155,36.9202,83.5459,80.8282,78.4326,83.7557,80.9723,81.4518,0.2098,0.1441,3.0192,33.5471
2017.02.020,45.18295,-66.2502,23,2,2017,20,a,6.3376,70.8681,42.7695,36.4319,81.3521,79.0048,79.0236,81.4556,79.1523,81.2737,0.1035,0.1475,2.2501,33.9308
2017.02.021,45.1672,-66.24764,23,2,2017,21,a,6.3387,44.1415,34.6865,28.3478,83.7393,79.5359,77.7614,83.7483,79.8325,96.1367,0.009,0.2966,18.3753,9.6669
2017.02.022,45.15901,-66.24988,23,2,2017,22,a,6.2712,60.8642,47.7532,41.482,80.2706,80.0518,78.4776,80.2825,80.8507,99.3025,0.0119,0.7989,20.8249,19.8463
2017.02.022,45.15573,-66.25019,23,2,2017,23,a,6.3996,62.0979,46.4822,40.0826,85.0893,81.5011,78.7299,85.1076,81.5732,83.1955,0.0183,0.0721,4.4656,35.5266
2017.02.024,45.15119,-66.25538,23,2,2017,24,a,6.3689,75.0386,43.0779,36.709,83.5627,80.8357,78.441,83.6403,81.0975,79.5921,0.0776,0.2618,1.1511,35.2185
2017.02.025,45.14805,-66.25345,23,2,2017,25,a,6.3479,66.8301,35.3655,29.0176,81.3684,79.023,79.0343,81.3882,79.0396,79.6132,0.0198,0.0166,0.5789,28.4023
2017.02.026,45.14959,-66.24787,23,2,2017,26,a,6.2786,69.9379,40.2337,33.9551,83.7446,79.5388,77.7675,83.7986,79.6966,81.9701,0.054,0.1578,4.2026,29.5407
2017.02.027,45.1501,-66.23849,23,2,2017,27,a,6.3086,69.4045,45.5426,39.234,80.2706,80.0647,78.4992,80.3351,80.4108,86.1456,0.0645,0.3461,7.6464,31.177
2017.02.028,45.15298,-66.23508,23,2,2017,28,a,6.3359,68.5085,48.3873,42.0514,85.0884,81.4965,78.7252,85.1215,81.8175,91.9206,0.0331,0.321,13.1954,28.5019
2017.02.029,45.15447,-66.23368,23,2,2017,29,a,6.3546,63.5983,49.5706,43.216,83.5648,80.8382,78.437,83.6208,80.9954,97.5808,0.056,0.1572,19.1438,23.859
2017.02.030,45.15667,-66.23672,23,2,2017,30,a,6.3376,65.6055,51.7838,45.4462,81.369,79.0159,79.0342,81.3745,79.1988,109.3599,0.0055,0.1829,30.3257,14.9321
2017.11.001,45.1434,-66.2616,21,11,2017,1,a,6.3395,90.1352,58.5265,52.187,83.7539,79.5511,77.7726,84.8415,84.0822,89.5283,1.0876,4.5311,11.7557,34.8126
2017.11.002,45.1423,-66.2621,21,11,2017,2,a,6.4829,107.8104,67.5343,61.0514,80.2852,80.0755,78.5002,81.4064,82.0633,86.52,1.1212,1.9878,8.0198,49.9226
2017.11.003,45.1496,-66.237,21,11,2017,3,a,6.3373,78.2109,45.7465,39.4092,85.1032,81.5183,78.7478,85.1491,81.6586,82.652,0.0459,0.1403,3.9042,35.3188
2017.11.004,45.1518,-66.2354,21,11,2017,4,a,6.3552,64.2344,42.7965,36.4413,83.5759,80.8525,78.452,83.6102,81.0968,86.6791,0.0343,0.2443,8.2271,27.9356
2017.11.005,45.1514,-66.2348,21,11,2017,5,a,6.3394,46.3519,36.1833,29.8439,81.3799,79.0456,79.0569,81.3774,79.0714,89.362,-0.0025,0.0258,10.3051,19.5155
2017.11.006,45.1601,-66.2331,21,11,2017,6,a,6.2761,34.8114,27.1787,20.9026,83.7278,79.538,77.7549,83.757,79.591,91.02,0.0292,0.053,13.2651,7.5553
2017.11.007,45.1654,-66.2299,21,11,2017,7,a,6.2698,45.9567,36.3685,30.0987,80.2709,80.0637,78.4804,80.2955,81.0191,95.4251,0.0246,0.9554,16.9447,12.174
2017.11.008,45.1677,-66.2289,21,11,2017,8,a,6.3796,47.3285,32.0337,25.6541,85.0864,81.4984,78.7286,85.2089,81.6299,83.6874,0.1225,0.1315,4.9588,20.4413
2017.11.009,45.1701,-66.2288,21,11,2017,9,a,6.3034,43.2179,29.4539,23.1505,83.5614,80.8379,78.4428,83.7932,80.9379,82.4365,0.2318,0.1,3.9937,18.825
2017.11.010,45.1737,-66.2348,21,11,2017,10,a,6.3634,85.0882,55.9571,49.5937,81.37,79.0238,79.0401,81.8876,79.3697,86.4141,0.5176,0.3459,7.374,41.3562
2017.11.011,45.1782,-66.24,21,11,2017,11,a,6.2765,116.3031,70.6991,64.4226,83.7399,79.543,77.7671,84.0554,79.6694,80.589,0.3155,0.1264,2.8219,61.1588
2017.11.012,45.184,-66.2468,21,11,2017,12,a,6.4799,56.065,31.3962,24.9163,80.2738,80.0639,78.4895,80.3024,80.111,79.3935,0.0286,0.0471,0.904,23.9366
2017.11.013,45.1837,-66.2517,21,11,2017,13,a,6.3803,73.987,52.2013,45.821,85.0924,81.5094,78.7403,99.0979,86.7251,81.7526,14.0055,5.2157,3.0123,23.5875
2017.11.014,45.1823,-66.2462,21,11,2017,14,a,6.3037,61.8671,27.5915,21.2878,83.5676,80.8427,78.4494,84.1083,81.3445,79.4269,0.5407,0.5018,0.9775,19.2678
2017.11.015,45.1792,-66.2428,21,11,2017,15,a,6.3625,59.3217,38.3476,31.9851,81.3777,79.0311,79.044,81.4967,79.1675,80.8563,0.119,0.1364,1.8123,29.9174
2017.11.016,45.1759,-66.2419,21,11,2017,16,a,6.3383,63.5147,37.9505,31.6122,83.7251,79.5315,77.752,84.2926,79.7806,78.9327,0.5675,0.2491,1.1807,29.6149
2017.11.017,45.1722,-66.2407,21,11,2017,17,a,6.2704,80.1165,50.3393,44.0689,80.265,80.0545,78.4771,81.9246,80.158,80.952,1.6596,0.1035,2.4749,39.8309
2017.11.018,45.1694,-66.2412,21,11,2017,18,a,6.3387,55.7998,30.7671,24.4284,85.1063,81.4982,78.7216,85.2424,81.6001,79.5266,0.1361,0.1019,0.805,23.3854
2021.09.001,45.1431,-66.26253,23,9,2021,1,a,6.3442,68.5835,48.0157,41.6715,85.1029,79.5353,78.4569,90.0675,89.0982,83.9932,4.9646,9.5629,5.5363,21.6077
2021.09.002,45.1422,-66.26192,23,9,2021,2,a,6.3087,47.974,29.8859,23.5772,83.7411,81.5167,78.7163,84.0221,82.3255,81.4889,0.281,0.8088,2.7726,19.7148
2021.09.003,45.1464,-66.25058,23,9,2021,3,a,6.3363,60.6365,39.3312,32.9949,80.279,80.0798,77.7676,80.4416,80.4894,80.4614,0.1626,0.4096,2.6938,29.7289
2021.09.004,45.1489,-66.25003,23,9,2021,4,a,6.3548,72.0015,42.0035,35.6487,81.381,81.795,78.423,81.7516,82.0907,81.7952,0.3706,0.2957,3.3722,31.6102
2021.09.005,45.151,-66.24892,23,9,2021,5,a,6.3645,69.5615,41.0864,34.7219,83.5563,80.4486,79.0179,83.6459,80.7193,82.0597,0.0896,0.2707,3.0418,31.3198
2021.09.006,45.1539,-66.24748,23,9,2021,6,a,6.3378,69.129,45.9235,39.5857,85.1071,79.5037,78.4529,85.4304,79.9214,84.7672,0.3233,0.4177,6.3143,32.5304
2021.09.007,45.1555,-66.24543,23,9,2021,7,a,6.481,75.3362,57.9337,51.4527,83.7312,81.488,78.7078,83.9403,102.9539,101.4605,0.2091,21.4659,22.7527,7.025
2021.09.008,45.1555,-66.24233,23,9,2021,8,a,6.4006,70.9975,47.9155,41.5149,80.258,80.0464,77.7378,83.2473,82.1215,85.3576,2.9893,2.0751,7.6198,28.8307
2021.09.009,45.1544,-66.23992,23,9,2021,9,a,6.3681,70.1625,42.6771,36.309,81.3682,81.7783,78.4109,81.7155,82.2247,84.1112,0.3473,0.4464,5.7003,29.815
2021.09.010,45.1519,-66.23912,23,9,2021,10,a,6.3476,68.123,46.7138,40.3662,83.5448,80.4361,79.0073,83.741,81.2715,86.7727,0.1962,0.8354,7.7654,31.5692
2021.09.011,45.1648,-66.22852,23,9,2021,11,a,6.3418,62.111,42.1121,35.7703,85.0845,79.4916,78.4504,85.3134,80.6409,83.5079,0.2289,1.1493,5.0575,29.3346
2021.09.012,45.1671,-66.2309,23,9,2021,12,a,6.3132,62.297,39.7208,33.4076,83.7141,81.5122,78.807,83.9128,81.6907,84.9776,0.1987,0.1785,6.1706,26.8598
2021.09.013,45.1698,-66.23233,23,9,2021,13,a,6.3358,65.002,40.516,34.1802,80.2519,80.0393,77.7351,80.5049,80.3402,81.3957,0.253,0.3009,3.6606,29.9657
2021.09.014,45.1713,-66.23505,23,9,2021,14,a,6.3532,70.467,42.6995,36.3463,81.3641,81.7793,78.4185,81.4538,81.929,83.642,0.0897,0.1497,5.2235,30.8834
2021.09.015,45.1719,-66.23852,23,9,2021,15,a,6.3613,65.92,43.9896,37.6283,83.5441,80.4394,79.0121,83.5774,80.5348,83.477,0.0333,0.0954,4.4649,33.0347
2021.09.016,45.1761,-66.24815,23,9,2021,16,a,6.34,72.2965,54.1659,47.8259,85.0874,79.5001,78.4591,85.1768,80.0459,97.1183,0.0894,0.5458,18.6592,28.5315
2021.09.017,45.1787,-66.24875,23,9,2021,17,a,6.3067,72.7188,53.7224,47.4157,83.7155,81.4926,78.7047,83.8402,81.7322,92.6021,0.1247,0.2396,13.8974,33.154
2021.09.018,45.1811,-66.25127,23,9,2021,18,a,6.3352,70.669,46.4065,40.0713,80.25777,80.0416,77.7331,80.2975,80.1672,82.1765,0.0397,0.1256,4.4434,35.4626
2021.09.019,45.1672,-66.2561,23,9,2021,19,a,6.3538,74.3105,67.7333,61.3795,81.3621,81.7801,78.4165,139.5758,83.8816,78.9858,58.2137,2.1015,0.5693,0.495
2021.09.020,45.1614,-66.26302,23,9,2021,20,a,6.361,68.7635,52.8964,46.5354,83.5396,80.437,79.0081,83.7845,80.6843,91.5804,0.2449,0.2473,12.5723,33.4709
2021.09.021,45.1654,-66.24272,23,9,2021,21,a,6.3386,72.644,43.1396,36.801,85.0814,79.498,78.4525,85.1985,79.7181,81.4562,0.1171,0.2201,3.0037,33.4601
2021.09.022,45.167,-66.2418,23,9,2021,22,a,6.3362,40.8735,26.2857,19.9495,83.7242,81.494,78.7115,83.912,81.5957,81.2645,0.1878,0.1017,2.553,17.107
2021.09.023,45.1689,-66.2408,23,9,2021,23,a,6.3347,70.6095,42.3976,36.0629,80.2498,80.0403,77.7288,80.3287,80.1175,81.5608,0.0789,0.0772,3.832,32.0748
2021.09.024,45.171,-66.24088,23,9,2021,24,a,6.3066,79.213,49.8152,43.5086,81.3649,81.7811,78.4118,86.494,81.9568,82.8092,5.1291,0.1757,4.3974,33.8064
2021.09.025,45.1733,-66.24052,23,9,2021,25,a,6.341,28.8402,17.2987,10.9577,83.541,80.4381,79.0087,83.6259,80.5371,79.5534,0.0849,0.099,0.5447,10.2291
2021.09.026,45.1756,-66.24105,23,9,2021,26,a,6.342,71.7275,40.8702,34.5282,85.0855,79.4946,78.4541,85.3351,79.6613,79.7315,0.2496,0.1667,1.2774,32.8345
2021.09.027,45.1782,-66.24248,23,9,2021,27,a,6.3069,64.2915,40.401,34.0941,83.7268,81.4909,78.7086,83.8735,81.6469,80.7684,0.1467,0.156,2.0598,31.7316
2021.09.028,45.1806,-66.24412,23,9,2021,28,a,6.3349,74.2145,52.4975,46.1626,80.2515,80.0414,77.7293,80.4696,80.2068,81.3599,0.2181,0.1654,3.6306,42.1485
2021.09.029,45.1824,-66.24558,23,9,2021,29,a,6.3543,66.8215,42.4709,36.1166,81.3562,81.7798,78.4084,81.6125,81.9063,80.4296,0.2563,0.1265,2.0212,33.7126
2021.09.030,45.18,-66.24858,23,9,2021,30,a,6.3622,56.1611,31.1408,24.7786,83.5399,80.4389,79.0067,83.6055,80.5184,80.8555,0.0656,0.0795,1.8488,22.7847
