"set_id","station","strata_strate","season_saison","total_count","tot_wt_g","shannon_index","species_richness","lat","lon","wet_weight","dry_weight","water_content_ratio","sand_pct","fine_sand_pct","silt_clay_pct","air_dry_wt","oven_dry_wt","loss_ash1","loss_ash2","tot_perc_loss__","depth_m_profondeur_m"
"2010.02.001",1,"channel","Winter",376,6407,1.71084064761131,16,45.18628333,-66.25706667,NA,NA,NA,NA,NA,NA,NA,NA,NA,NA,NA,8.1
"2010.02.002",2,"channel","Winter",181,6196,1.81071708582242,12,45.18533333,-66.25483333,NA,NA,NA,NA,NA,NA,NA,NA,NA,NA,NA,11
"2010.02.003",3,"channel","Winter",545,4307,2.37305381800299,35,45.1841,-66.25236667,NA,NA,NA,NA,NA,NA,NA,NA,NA,NA,NA,9.5
"2010.02.004",4,"channel","Winter",441,5947,2.15638001070492,24,45.18301667,-66.2486,NA,NA,NA,NA,NA,NA,NA,NA,NA,NA,NA,3.5
"2010.02.005",5,"channel","Winter",593,6531,2.20358225736583,20,45.18128333,-66.24531667,NA,NA,NA,NA,NA,NA,NA,NA,NA,NA,NA,3.6
"2010.02.006",6,"channel","Winter",1113,6418,1.38232141116591,19,45.17888333,-66.24243333,NA,NA,NA,NA,NA,NA,NA,NA,NA,NA,NA,4.4
"2010.02.007",7,"channel","Winter",1613,5996,1.72258374157523,24,45.17626667,-66.24101667,NA,NA,NA,NA,NA,NA,NA,NA,NA,NA,NA,3.9
"2010.02.008",8,"channel","Winter",574,6818,1.43280560531847,23,45.17315,-66.24018333,NA,NA,NA,NA,NA,NA,NA,NA,NA,NA,NA,4.4
"2010.02.009",9,"channel","Winter",445,5809,1.6001544783916,18,45.17015,-66.24038333,NA,NA,NA,NA,NA,NA,NA,NA,NA,NA,NA,5
"2010.02.010",10,"channel","Winter",583,5912,1.69687603866447,19,45.16558333,-66.24205,NA,NA,NA,NA,NA,NA,NA,NA,NA,NA,NA,4.4
"2010.02.011",11,"subtidal","Winter",275,1768,2.49811983650945,24,45.16111667,-66.23395,NA,NA,NA,NA,NA,NA,NA,NA,NA,NA,NA,4
"2010.02.012",12,"subtidal","Winter",345,1811,2.07321148576085,26,45.15476667,-66.23531667,NA,NA,NA,NA,NA,NA,NA,NA,NA,NA,NA,5
"2010.02.013",13,"subtidal","Winter",2246,5132,1.80454313915671,29,45.14865,-66.23871667,NA,NA,NA,NA,NA,NA,NA,NA,NA,NA,NA,9.4
"2010.02.014",14,"subtidal","Winter",485,1868,1.77022796858197,19,45.14768333,-66.24478333,NA,NA,NA,NA,NA,NA,NA,NA,NA,NA,NA,12.1
"2010.02.015",15,"subtidal","Winter",3579,6733,0.919462303288617,26,45.1501,-66.25236667,NA,NA,NA,NA,NA,NA,NA,NA,NA,NA,NA,6.5
"2010.02.016",16,"subtidal","Winter",708,1808,1.61467805062475,23,45.15658333,-66.25671667,NA,NA,NA,NA,NA,NA,NA,NA,NA,NA,NA,5.2
"2010.02.017",17,"subtidal","Winter",141,1189,1.84620102479952,12,45.16575,-66.25015,NA,NA,NA,NA,NA,NA,NA,NA,NA,NA,NA,4.9
"2010.02.018",18,"subtidal","Winter",943,6403,1.95874360049676,30,45.16161667,-66.2447,NA,NA,NA,NA,NA,NA,NA,NA,NA,NA,NA,6.5
"2010.02.019",19,"subtidal","Winter",151,1160,2.49304968558762,23,45.15568333,-66.24491667,NA,NA,NA,NA,NA,NA,NA,NA,NA,NA,NA,7.4
"2010.02.020",20,"subtidal","Winter",258,2445,2.00467085342883,21,45.15095,-66.24588333,NA,NA,NA,NA,NA,NA,NA,NA,NA,NA,NA,10.5
"2010.02.021",21,"intertidal","Winter",480,1058,1.82559659644247,23,45.15901667,-66.26161667,NA,NA,NA,NA,NA,NA,NA,NA,NA,NA,NA,4.2
"2010.02.022",22,"intertidal","Winter",17936,4938,0.581277526418628,15,45.16278333,-66.26763333,NA,NA,NA,NA,NA,NA,NA,NA,NA,NA,NA,1.7
"2010.02.023",23,"intertidal","Winter",247,4051,2.21439892382956,22,45.1754,-66.24703333,NA,NA,NA,NA,NA,NA,NA,NA,NA,NA,NA,4.5
"2010.02.024",24,"intertidal","Winter",256,3515,1.82231813722035,16,45.17981667,-66.24963333,NA,NA,NA,NA,NA,NA,NA,NA,NA,NA,NA,3.6
"2010.02.025",25,"intertidal","Winter",13246,4777,1.75259374728435,18,45.17918333,-66.23893333,NA,NA,NA,NA,NA,NA,NA,NA,NA,NA,NA,1.8
"2010.02.026",26,"intertidal","Winter",3070,4782,1.56621862995409,27,45.1739,-66.23751667,NA,NA,NA,NA,NA,NA,NA,NA,NA,NA,NA,2.1
"2010.02.027",27,"intertidal","Winter",23572,5602,1.46010574997581,15,45.175,-66.23016667,NA,NA,NA,NA,NA,NA,NA,NA,NA,NA,NA,0
"2010.02.028",28,"intertidal","Winter",1462,3634,1.68750632665672,34,45.16996667,-66.22865,NA,NA,NA,NA,NA,NA,NA,NA,NA,NA,NA,4
"2010.02.029",29,"intertidal","Winter",376,883,1.37475328562084,23,45.16553333,-66.23168333,NA,NA,NA,NA,NA,NA,NA,NA,NA,NA,NA,5.2
"2010.02.030",30,"intertidal","Winter",4101,1855,1.579025967584,20,45.16968333,-66.23608333,NA,NA,NA,NA,NA,NA,NA,NA,NA,NA,NA,2.9
"2010.08.001",1,"intertidal","Summer",132,914,0.903901670812973,11,45.14396667,-66.26365,NA,NA,NA,NA,NA,NA,NA,NA,NA,NA,NA,0
"2010.08.002",2,"subtidal","Summer",98,3159,1.49643870205774,11,45.1416,-66.2616,NA,NA,NA,NA,NA,NA,NA,NA,NA,NA,NA,8.8
"2010.08.003",3,"subtidal","Summer",47,2429,2.14824872280811,14,45.14075,-66.26006667,NA,NA,NA,NA,NA,NA,NA,NA,NA,NA,NA,10
"2010.08.004",4,"intertidal","Summer",109,2137,2.00825014833143,15,45.15641667,-66.26276667,NA,NA,NA,NA,NA,NA,NA,NA,NA,NA,NA,4.6
"2010.08.005",5,"intertidal","Summer",54,572,1.83665282034965,11,45.1583,-66.26281667,NA,NA,NA,NA,NA,NA,NA,NA,NA,NA,NA,4.3
"2010.08.006",6,"intertidal","Summer",1682,5258,1.23000157410573,25,45.15391667,-66.23096667,NA,NA,NA,NA,NA,NA,NA,NA,NA,NA,NA,4.3
"2010.08.007",7,"intertidal","Summer",1897,4168,1.29896404431544,23,45.15475,-66.23036667,NA,NA,NA,NA,NA,NA,NA,NA,NA,NA,NA,4.1
"2010.08.008",8,"intertidal","Summer",72,1152,2.10441656436813,14,45.16595,-66.23123333,NA,NA,NA,NA,NA,NA,NA,NA,NA,NA,NA,3.7
"2010.08.009",9,"intertidal","Summer",278,5251,1.90948186865273,20,45.16965,-66.23213333,NA,NA,NA,NA,NA,NA,NA,NA,NA,NA,NA,0
"2010.08.010",10,"intertidal","Summer",177,3812,2.12644957117485,25,45.17343333,-66.24256667,NA,NA,NA,NA,NA,NA,NA,NA,NA,NA,NA,0
"2010.08.011",11,"channel","Summer",51,2661,2.09465224221112,12,45.17536667,-66.24156667,NA,NA,NA,NA,NA,NA,NA,NA,NA,NA,NA,5.2
"2010.08.012",12,"channel","Summer",92,5683,2.0628407940421,13,45.17763333,-66.24225,NA,NA,NA,NA,NA,NA,NA,NA,NA,NA,NA,5.1
"2010.08.013",13,"channel","Summer",151,2695,1.91927750534663,16,45.17985,-66.24391667,NA,NA,NA,NA,NA,NA,NA,NA,NA,NA,NA,4.8
"2010.08.014",14,"channel","Summer",89,453,1.81066720982536,14,45.1824,-66.24575,NA,NA,NA,NA,NA,NA,NA,NA,NA,NA,NA,4.3
"2010.08.015",15,"channel","Summer",101,3927,2.69060429263095,20,45.18276667,-66.24793333,NA,NA,NA,NA,NA,NA,NA,NA,NA,NA,NA,3.9
"2010.08.016",16,"channel","Summer",61,3502,2.20708678582701,15,45.1834,-66.25015,NA,NA,NA,NA,NA,NA,NA,NA,NA,NA,NA,7.1
"2010.08.017",17,"channel","Summer",33,2987,1.98481878443065,11,45.18395,-66.25183333,NA,NA,NA,NA,NA,NA,NA,NA,NA,NA,NA,8.7
"2010.08.018",18,"channel","Summer",130,3205,1.51555445091309,17,45.18463333,-66.25366667,NA,NA,NA,NA,NA,NA,NA,NA,NA,NA,NA,10.9
"2010.08.019",19,"channel","Summer",100,2962,1.73500450810913,10,45.18623333,-66.25713333,NA,NA,NA,NA,NA,NA,NA,NA,NA,NA,NA,9
"2010.08.020",20,"channel","Summer",24,1991,1.75466995739005,8,45.18626667,-66.25815,NA,NA,NA,NA,NA,NA,NA,NA,NA,NA,NA,11.1
"2010.08.021",21,"intertidal","Summer",26,1962,1.65809923782915,7,45.17686667,-66.24505,NA,NA,NA,NA,NA,NA,NA,NA,NA,NA,NA,1.7
"2010.08.022",22,"intertidal","Summer",5,269,1.33217904021012,4,45.17501667,-66.24611667,NA,NA,NA,NA,NA,NA,NA,NA,NA,NA,NA,1.7
"2010.08.023",23,"subtidal","Summer",36,3299,2.22554108346879,14,45.15778333,-66.24231667,NA,NA,NA,NA,NA,NA,NA,NA,NA,NA,NA,4
"2010.08.024",24,"subtidal","Summer",99,4024,1.67848717977683,12,45.15478333,-66.24005,NA,NA,NA,NA,NA,NA,NA,NA,NA,NA,NA,4.6
"2010.08.025",25,"subtidal","Summer",308,4915,1.61342695068889,17,45.15218333,-66.23926667,NA,NA,NA,NA,NA,NA,NA,NA,NA,NA,NA,4.6
"2010.08.026",26,"subtidal","Summer",208,1690,1.87338381788747,28,45.1494,-66.24181667,NA,NA,NA,NA,NA,NA,NA,NA,NA,NA,NA,10.1
"2010.08.027",27,"subtidal","Summer",66,4160,2.39857893274161,20,45.14875,-66.24673333,NA,NA,NA,NA,NA,NA,NA,NA,NA,NA,NA,8.3
"2010.08.028",28,"subtidal","Summer",60,2202,1.71751916639991,13,45.15246667,-66.25021667,NA,NA,NA,NA,NA,NA,NA,NA,NA,NA,NA,4.8
"2010.08.029",29,"subtidal","Summer",100,2686,2.69500796798271,26,45.15716667,-66.2511,NA,NA,NA,NA,NA,NA,NA,NA,NA,NA,NA,3.5
"2010.08.030",30,"subtidal","Summer",58,604,1.74244404676389,12,45.16128333,-66.25311667,NA,NA,NA,NA,NA,NA,NA,NA,NA,NA,NA,2.3
"2011.09.001",1,"subtidal","Summer",147,6495,1.80878124858934,16,45.14075,-66.26021667,27.7457,27.6611,0.0030491211250753,0.0158670479482016,0.122428247611266,0.861704704440532,2.48325,2.48225,15.84025,0.0902499999999993,6.67968115075,5.9
"2011.09.002",2,"subtidal","Summer",361,5385,1.60980271344367,25,45.14263333,-66.26183333,26.8409,26.7777,0.00235461553077586,0.0505308521643009,0.114864234045493,0.834604913790206,2.53275,2.529,12.41325,0.0417499999999986,3.449732252,5
"2011.09.003",3,"subtidal","Summer",272,5701,1.70785715919342,19,45.14636667,-66.24868333,20.8773,20.8497,0.0013220100300326,0.00691616665947232,0.112735435042231,0.880348398298297,2.5145,2.516,13.1355,0.0417500000000004,3.5369016365,8.4
"2011.09.004",4,"subtidal","Summer",537,4105,1.26373773196779,27,45.14648333,-66.24608333,26.6219,26.5895,0.0012170431111229,0.00495308298388462,0.21603264446492,0.779014272551195,2.7155,2.715,10.7355,0.0477500000000006,3.53852905775,10.3
"2011.09.005",5,"subtidal","Summer",190,1780,1.41418105489416,22,45.14663333,-66.24345,32.1375,32.1077,0.000927265655387059,0.0306842283938121,0.481473291453452,0.487842480152736,2.512,2.51225,13.933,0.0297499999999999,1.94066369025,12
"2011.09.006",6,"subtidal","Summer",440,4490,1.98757089890919,32,45.14775,-66.23956667,25.7278,25.6716,0.00218440752804348,0.0591665498060113,0.202515620374266,0.738317829819723,2.492,2.49175,13.452,0.0375000000000014,3.2206149925,15
"2011.09.007",7,"subtidal","Summer",450,3268,2.1529739301006,28,45.15128333,-66.23713333,25.7644,25.7034,0.00236760801726413,0.00402281410241447,0.151800929059969,0.844176256837617,2.50775,2.5075,12.5135,0.0287500000000005,2.24332053775,4.8
"2011.09.008",8,"subtidal","Summer",154,1665,2.44818670985412,25,45.15526667,-66.23283333,33.4339,33.3909,0.00128611977663387,0.00275823652552043,0.280801056575294,0.716440706899185,2.49025,2.48825,12.5495,0.0227500000000003,1.908964351,3
"2011.09.009",9,"subtidal","Summer",36,2662,2.46602897903296,16,45.16073333,-66.24936667,22.7921,22.7093,0.00363283769376242,0.00800112729146209,0.18613519571277,0.805863676995768,2.51175,2.51275,16.02275,0.0632499999999983,5.66122144825,4
"2011.09.010",10,"subtidal","Summer",35,1165,1.71336426916015,9,45.16146667,-66.25561667,20.1506,20.1222,0.00140938731352919,0.00426891691763326,0.521926031944817,0.47380505113755,2.53475,2.534,14.58975,0.0240000000000009,1.81559382525,3.1
"2011.09.011",11,"channel","Summer",624,3820,1.85414439878578,18,45.16436667,-66.24298333,20.3851,20.3363,0.00239390535243879,0.0131341492798592,0.103829113457217,0.883036737262924,2.5135,2.514,15.33325,0.0487500000000001,4.89277396975,3.9
"2011.09.012",12,"channel","Summer",108,5424,1.48605479783053,10,45.1681,-66.24123333,20.9709,20.9166,0.00258930231892755,0.00711874778883757,0.0683954371169311,0.924485815094231,2.508,2.50875,12.64625,0.0637500000000006,6.357949648,5.2
"2011.09.013",13,"channel","Summer",88,3235,1.51198884704352,8,45.17196667,-66.24043333,18.2192,18.1703,0.00268398173355579,0.00576215032222913,0.0544680054814725,0.939769844196298,2.4865,2.4835,10.0105,0.0555000000000003,5.57605167375,5.2
"2011.09.014",14,"channel","Summer",153,5117,1.02716100695907,13,45.17621667,-66.24136667,25.3503,25.3115,0.00153055387904687,0.00702052426762539,0.0530312308634415,0.939948244868933,2.5005,2.49925,11.689,0.0637499999999989,6.51150655225,4.8
"2011.09.015",15,"channel","Summer",91,3899,1.59966189233034,13,45.17948333,-66.24303333,15.7579,15.7189,0.0024749490731634,0.00486039099428077,0.0621735617632277,0.932966047242492,2.51675,2.514,13.05575,0.0562499999999986,5.666923207,4.5
"2011.09.016",16,"channel","Summer",171,3996,2.32194306571402,19,45.18268333,-66.248,19.8253,19.8004,0.00125597090586265,0.0101765620896548,0.0719833942748631,0.917840043635482,2.50775,2.50475,12.01875,0.0490000000000013,5.26900883325,3.5
"2011.09.017",17,"channel","Summer",88,2467,1.59661318285666,13,45.18465,-66.2544,25.7364,25.7297,0.000260331670319165,0.979191362511028,0.00330746180484032,0.0175011756841316,2.51825,2.516,13.597,0.0497499999999995,5.11886289575,11.6
"2011.09.018",18,"channel","Summer",13,4391,2.03175921856927,9,45.1862,-66.25833333,21.0708,21.0717,-4.27131385613219e-05,0.837578363397353,0.0105449489125225,0.151876687690125,2.50475,2.502,17.475,0.0305000000000035,1.77842640175,13.8
"2011.09.019",19,"channel","Summer",41,2780,2.10100609778263,12,45.18993333,-66.26146667,11.7864,11.7811,0.000449670807031991,0.0457682219826672,0.0672517846381068,0.886979993379226,2.47625,2.47575,11.842,0.0410000000000004,2.1135141605,10
"2011.09.020",20,"channel","Summer",37,1590,2.22917208092134,16,45.18015,-66.24695,25.3402,25.2763,0.00252168491172131,0.0235240126126055,0.185687778670138,0.790788208717257,2.48075,2.4795,15.599,0.0477500000000006,4.70814271825,4
"2011.09.021",21,"intertidal","Summer",150,2834,0.937535679102011,11,45.17988333,-66.24995,10.4625,10.4177,0.00428195937873344,0.0069017153498373,0.029497873810918,0.963600410839245,2.47175,2.4725,12.12225,0.0342500000000019,3.06312095175,2.5
"2011.09.022",22,"intertidal","Summer",65,2328,2.12410561065319,17,45.17761667,-66.2461,22.4984,22.4624,0.00160011378586928,0.00251086259705107,0.0698545124296602,0.927634624973289,2.49175,2.492,13.486,0.0450000000000017,4.684852642,4.2
"2011.09.023",23,"intertidal","Summer",1934,3220,1.17218824250256,17,45.17776667,-66.23883333,21.4063,21.3098,0.0045080186674016,0.0047442960515819,0.0741255197139344,0.921130184234484,2.50325,2.50375,14.43225,0.0352499999999996,3.56444331125,1.1
"2011.09.024",24,"intertidal","Summer",1498,5455,1.47362328166077,14,45.17438333,-66.2332,22.882,22.7491,0.00580805873612444,0.0134027280200096,0.0705170754007851,0.916080196579205,2.5075,2.50575,14.673,0.0564999999999998,5.806607582,1.7
"2011.09.025",25,"intertidal","Summer",323,3132,1.76063119785727,21,45.16796667,-66.2282,21.4029,21.3894,0.000630755645263049,0.00597492215770428,0.19335278221923,0.800672295623066,2.50675,2.504,12.733,0.0437500000000011,4.2531926275,3.6
"2011.09.026",26,"intertidal","Summer",152,4904,2.6436945067456,27,45.16443333,-66.22783333,13.167,13.1567,0.000782258676995585,0.00522167412801082,0.0541549172664878,0.940623408605501,2.50975,2.5055,11.06175,0.04575,4.798780978,4.2
"2011.09.027",27,"intertidal","Summer",714,4465,1.91565764236867,29,45.16175,-66.23966667,23.6579,23.6448,0.00055372623943805,0.225965117065909,0.263432128840168,0.510602754093923,2.467,2.4665,14.7225,0.0455000000000005,4.6020960315,4.6
"2011.09.028",28,"intertidal","Summer",307,2974,1.77858434897679,23,45.16221667,-66.24161667,18.8222,18.7553,0.00355431352339261,0.0528650568106082,0.12093115012823,0.826203793061161,2.50775,2.505,14.74125,0.0535000000000014,5.559368912,4
"2011.09.029",29,"intertidal","Summer",116,2537,2.18060741347342,14,45.15868333,-66.26436667,17.7866,17.7253,0.003446414716697,0.00440613134897576,0.0381488606680846,0.95744500798294,2.5165,2.516,15.1005,0.0474999999999994,4.4302123255,4.5
"2011.09.030",30,"intertidal","Summer",703,1934,1.13508050269742,13,45.16486667,-66.26916667,22.2289,22.1428,0.00387333606251314,0.00232581245370956,0.0210181187564355,0.976656068789855,2.4955,2.49275,10.187,0.0429999999999993,3.801748825,1.3
"2011.12.001",1,"subtidal","Autumn",659,3773,1.18801524365198,23,45.14251667,-66.26186667,NA,NA,NA,NA,NA,NA,2.48133333333333,2.48033333333333,12.7316666666667,0.0549999999999997,4.37574200933333,8.9
"2011.12.002",2,"subtidal","Autumn",981,5452,1.18455956210696,16,45.14146667,-66.25818333,NA,NA,NA,NA,NA,NA,2.442,2.44,12.8763333333333,0.0549999999999997,5.02480584466667,12
"2011.12.003",3,"subtidal","Autumn",308,7474,1.60614699155845,17,45.14736667,-66.25096667,NA,NA,NA,NA,NA,NA,2.50233333333333,2.502,11.9316666666667,0.0510000000000002,4.627004444,9.2
"2011.12.004",4,"subtidal","Autumn",589,6251,1.13032134280593,17,45.14966667,-66.2516,NA,NA,NA,NA,NA,NA,2.46533333333333,2.466,12.448,0.0680000000000014,6.49296330533333,8.4
"2011.12.005",5,"subtidal","Autumn",271,5858,1.27224935166058,11,45.14991667,-66.24603333,NA,NA,NA,NA,NA,NA,2.50366666666667,2.50233333333333,14.809,0.0496666666666652,4.40836983566667,12.1
"2011.12.006",6,"subtidal","Autumn",723,5298,1.32824880691345,18,45.15368333,-66.24125,NA,NA,NA,NA,NA,NA,2.51133333333333,2.50933333333333,12.338,0.0523333333333333,4.27958781666667,10.1
"2011.12.007",7,"subtidal","Autumn",612,4046,1.5824535047395,17,45.15321667,-66.23583333,NA,NA,NA,NA,NA,NA,2.47633333333333,2.472,13.0553333333333,0.0500000000000007,4.27648321566667,7.7
"2011.12.008",8,"subtidal","Autumn",24,459,1.45629092450926,7,45.15793333,-66.23271667,NA,NA,NA,NA,NA,NA,2.545,2.542,15.062,0.0250000000000021,1.87510123866667,6.6
"2011.12.009",9,"subtidal","Autumn",23,372,1.8052855428667,9,45.16023333,-66.2377,NA,NA,NA,NA,NA,NA,2.562,2.55866666666667,15.2343333333333,0.0250000000000004,1.902037066,7.2
"2011.12.011",11,"intertidal","Autumn",155,1014,1.90599216641505,15,45.1589,-66.26253333,NA,NA,NA,NA,NA,NA,2.493,2.48766666666667,12.3236666666667,0.0396666666666672,3.73431584533333,6
"2011.12.012",12,"intertidal","Autumn",57,1836,1.55713387539298,8,45.1608,-66.26583333,NA,NA,NA,NA,NA,NA,2.517,2.51566666666667,12.9383333333333,0.0446666666666662,3.88823231633333,5.3
"2011.12.013",13,"intertidal","Autumn",272,1963,1.89522686252747,19,45.16196667,-66.24191667,NA,NA,NA,NA,NA,NA,2.517,2.516,13.0893333333333,0.0510000000000002,5.754271648,5.7
"2011.12.014",14,"intertidal","Autumn",251,1926,1.53751020997077,17,45.16223333,-66.23926667,NA,NA,NA,NA,NA,NA,2.47866666666667,2.47866666666667,11.1483333333333,0.0453333333333337,4.464581364,6.6
"2011.12.015",15,"intertidal","Autumn",214,1725,1.97381149258094,16,45.1659,-66.23406667,NA,NA,NA,NA,NA,NA,2.50833333333333,2.50933333333333,15.0406666666667,0.052999999999999,5.042403676,6.3
"2011.12.016",16,"intertidal","Autumn",77,2331,1.55872065571129,12,45.16753333,-66.2265,NA,NA,NA,NA,NA,NA,2.50733333333333,2.50533333333333,12.5676666666667,0.0476666666666681,4.59814813733333,5.8
"2011.12.017",17,"intertidal","Autumn",550,2199,1.56870000001517,11,45.17583333,-66.24026667,NA,NA,NA,NA,NA,NA,2.51933333333333,2.52266666666667,13.828,0.043666666666665,3.88376215733333,5.5
"2011.12.018",18,"intertidal","Autumn",89,1591,1.76272294264259,9,45.17918333,-66.24103333,NA,NA,NA,NA,NA,NA,2.33033333333333,2.33266666666667,14.0666666666667,0.0543333333333322,5.98604509766667,4.8
"2011.12.019",19,"intertidal","Autumn",10,2661,1.83437197028162,7,45.17685,-66.24598333,NA,NA,NA,NA,NA,NA,2.50133333333333,2.562,15.3353333333333,0.038000000000002,3.51083025233333,6.5
"2011.12.020",20,"intertidal","Autumn",52,640,1.69346456147405,12,45.17316667,-66.24535,NA,NA,NA,NA,NA,NA,2.13733333333333,2.13366666666667,10.287,0.0240000000000009,2.14065222533333,6.7
"2011.12.021",21,"channel","Autumn",148,1670,0.748648285575286,9,45.18661667,-66.25938333,NA,NA,NA,NA,NA,NA,2.514,2.51433333333333,12.5816666666667,0.0503333333333327,5.20967427433333,7
"2011.12.022",22,"channel","Autumn",63,2256,1.62957032946271,11,45.18543333,-66.25696667,NA,NA,NA,NA,NA,NA,2.52533333333333,2.524,12.1006666666667,0.0413333333333323,3.812888618,9.7
"2011.12.023",23,"channel","Autumn",12,1197,1.2366848691405,4,45.18423333,-66.2541,NA,NA,NA,NA,NA,NA,2.56333333333333,2.561,13.3913333333333,0.0486666666666675,4.54969042233333,11.7
"2011.12.024",24,"channel","Autumn",392,4603,1.01793601789392,13,45.18125,-66.24546667,NA,NA,NA,NA,NA,NA,2.51533333333333,2.509,12.0026666666667,0.0660000000000007,7.62493938666667,7.5
"2011.12.025",25,"channel","Autumn",13,3809,1.67159527802125,6,45.17781667,-66.24245,NA,NA,NA,NA,NA,NA,2.60066666666667,2.593,12.5526666666667,0.0630000000000006,6.67206246966667,8.4
"2011.12.026",26,"channel","Autumn",65,1083,0.706755845808295,5,45.17513333,-66.24138333,NA,NA,NA,NA,NA,NA,2.519,2.51533333333333,14.8103333333333,0.0626666666666686,6.53708427233333,8.6
"2011.12.027",27,"channel","Autumn",89,5082,1.02510736848649,6,45.17273333,-66.2406,NA,NA,NA,NA,NA,NA,2.51166666666667,2.50766666666667,12.638,0.0626666666666669,6.86998933733333,9.2
"2011.12.028",28,"channel","Autumn",63,3013,1.16765581047173,7,45.1703,-66.24086667,NA,NA,NA,NA,NA,NA,2.48333333333333,2.48266666666667,17.0793333333333,0.065333333333335,7.33035398333333,9.5
"2011.12.029",29,"channel","Autumn",76,843,1.97361163847901,10,45.16638333,-66.24278333,NA,NA,NA,NA,NA,NA,2.48466666666667,2.48266666666667,12.884,0.0436666666666667,5.16885902666667,7.8
"2011.12.030",30,"channel","Autumn",199,3577,0.973819214889432,6,45.16475,-66.243,NA,NA,NA,NA,NA,NA,2.53633333333333,2.53566666666667,12.8413333333333,0.0629999999999988,7.30635076233333,8.3
"2012.09.001",1,"subtidal","Summer",613,4340,1.51886121337223,21,45.14066667,-66.2617,4.4237,4.3961,0.00623912109772354,0.0713359568708628,0.0470416960487705,0.881622347080367,2.64425,2.64125,15.80675,0.0694999999999997,5.28687970225,NA
"2012.09.002",2,"subtidal","Summer",679,4085,1.96539310105896,24,45.1425,-66.26121667,20.5861,20.4794,0.00518310899101838,0.057579811908552,0.146083381349063,0.796336806742385,2.493,2.4895,14.61325,0.0587499999999999,4.62967714875,NA
"2012.09.003",3,"subtidal","Summer",569,6455,1.80179684215639,19,45.14506667,-66.24898333,NA,NA,NA,NA,NA,NA,2.42875,2.4245,11.9375,0.0655000000000001,5.10275888425,NA
"2012.09.004",4,"subtidal","Summer",535,7283,1.76986493663178,23,45.1482,-66.24985,33.6861,33.5284,0.00468145614956906,0.0794430989847413,0.101340952744539,0.81921594827072,2.4165,2.417,15.5625,0.0537500000000009,5.137776836,NA
"2012.09.005",5,"subtidal","Summer",550,6803,1.53294433632181,16,45.15035,-66.24948333,22.6006,22.5088,0.00406183906621945,0.199210975263008,0.110858864088712,0.68993016064828,2.4915,2.4935,14.90175,0.0545000000000009,4.531768133,NA
"2012.09.006",6,"subtidal","Summer",334,4423,1.55747424004406,17,45.15235,-66.25076667,11.5446,11.4841,0.0052405453631999,0.00368335350615198,0.167927830652816,0.828388815841032,2.4715,2.471,15.69525,0.0805000000000007,5.686197089,NA
"2012.09.007",7,"subtidal","Summer",303,3294,2.05105934059282,21,45.15475,-66.25176667,24.2916,24.2206,0.0029228210574851,0.00129641709949382,0.146784142424217,0.851919440476289,2.48625,2.48925,15.5465,0.0452500000000011,4.2079234705,NA
"2012.09.008",8,"subtidal","Summer",170,2032,1.96351842948186,17,45.1568,-66.23981667,18.5525,18.4821,0.003794636841396,0.00285140757814318,0.2115560461203,0.785592546301557,2.4895,2.49125,13.769,0.0277500000000028,3.60242274975,NA
"2012.09.009",9,"subtidal","Summer",458,3731,1.24679643752775,18,45.15425,-66.23923333,32.4776,32.3183,0.00490491908269089,0.010913321554661,0.135783751001754,0.853302927443585,2.511,2.51,15.25925,0.0502500000000001,4.73093472075,NA
"2012.09.010",10,"subtidal","Summer",354,3847,1.84143603763642,18,45.15175,-66.2392,23.7359,23.6265,0.00460905211093748,0.0149196876388801,0.245144223647176,0.739936088713944,3.24375,2.492,10.1035,0.0577500000000004,4.08296297825,NA
"2012.09.011",11,"channel","Summer",210,1924,2.43941000117076,24,45.16275,-66.24456667,10.0424,10.0244,0.00179240022305432,0.0665276724791509,0.38800327201628,0.545469055504569,2.48375,2.482,10.2035,0.0577500000000004,4.73449617975,NA
"2012.09.012",12,"channel","Summer",67,3434,2.32572380690627,19,45.16485,-66.24356667,20.6271,20.5044,0.00594848524513876,0.00536470221025731,0.125777881820487,0.868857415969255,2.495,2.4935,10.227,0.0510000000000002,4.92259535025,NA
"2012.09.013",13,"channel","Summer",438,4236,1.48806301277523,13,45.16751667,-66.24195,12.9818,12.891,0.00699440755519277,0.0127142967962144,0.096780699712978,0.890505003490808,2.479,2.4775,12.00825,0.0695000000000014,7.21625656425,NA
"2012.09.014",14,"channel","Summer",1098,5740,2.07719355860282,27,45.17108333,-66.24091667,19.454,19.3551,0.00508378739590832,0.0136088162809802,0.130487571751115,0.855903611967905,2.225,2.22375,11.46375,0.0609999999999982,7.41678970825,NA
"2012.09.015",15,"channel","Summer",116,2184,2.4083270645935,16,45.17316667,-66.24105,11.8537,11.7786,0.0063355745463441,0.00472042517786494,0.066943439797599,0.928336135024536,2.225,2.22325,10.20875,0.0462500000000006,4.71701858775,NA
"2012.09.016",16,"channel","Summer",134,3206,1.91360495106569,14,45.17491667,-66.24115,18.9932,18.8625,0.00688141018890995,0.00964877402253148,0.0375135851557323,0.952837640821736,2.50675,2.5025,16.66825,0.0665000000000013,5.73756910625,NA
"2012.09.017",17,"channel","Summer",340,2629,1.91421487957318,18,45.1774,-66.2422,17.0293,16.9623,0.00393439542435685,0.00593079947884426,0.0805138454101154,0.91355535511104,2.48525,2.481,14.75475,0.0637499999999989,6.22596213775,NA
"2012.09.018",18,"channel","Summer",68,786,2.20151917147917,15,45.18061667,-66.24435,8.5947,8.5469,0.00556156701222832,0.0052650668663492,0.023528998818285,0.971205934315366,2.197,2.191,14.87875,0.0402500000000003,4.5186545035,NA
"2012.09.019",19,"channel","Summer",226,3585,1.25147890068503,16,45.18186667,-66.24871667,19.6163,19.5093,0.00545464741057179,0.0116816082586254,0.0476746987334246,0.94064369300795,NA,NA,NA,NA,NA,NA
"2012.09.020",20,"channel","Summer",20,2446,1.96036782943283,8,45.18368333,-66.25246667,15.639,15.6001,0.0024873713153016,0.0629034429266479,0.0946083678950776,0.842488189178275,2.5005,2.492,15.09675,0.0417500000000004,4.123367234,NA
"2012.09.021",21,"intertidal","Summer",310,633,0.46665766276785,13,45.18345,-66.25366667,13.7509,13.7104,0.00294526176468435,0.00853366787256389,0.0590719453845256,0.932394386742911,2.509,2.49275,15.2745,0.0417500000000004,3.8447496035,NA
"2012.09.022",22,"intertidal","Summer",2902,3937,1.29132969944157,14,45.18145,-66.25205,21.6851,21.5928,0.00425637880387923,0.0100172279648772,0.0657765551480123,0.92420621688711,2.505,2.49825,15.646,0.0560000000000009,4.17415265025,NA
"2012.09.023",23,"intertidal","Summer",1302,3785,1.19921625594454,14,45.17996667,-66.25066667,6.4321,6.4065,0.00398003762379328,0.00223210801529696,0.0570826504331538,0.940685241551549,2.4795,2.4715,13.6,0.0567499999999992,4.23014901025,NA
"2012.09.024",24,"intertidal","Summer",132,884,1.25369290022543,11,45.17843333,-66.24733333,18.8647,18.8279,0.00195073338033467,0.108105524248589,0.408712602042713,0.483181873708698,2.478,2.47325,11.59675,0.0690000000000008,3.751196872,NA
"2012.09.025",25,"intertidal","Summer",99,3274,2.12616349555317,18,45.17496667,-66.24766667,19.8802,19.807,0.00368205551251999,0.00687635684354016,0.133518453072146,0.859605190084314,2.46225,2.45725,14.4345,0.0427499999999998,3.92781786225,NA
"2012.09.026",26,"intertidal","Summer",107,747,1.65501240387658,11,45.17261667,-66.24376667,18.7341,18.7122,0.00116899130462625,0.720946762005536,0.152152071910305,0.126901166084159,2.471,2.46775,12.04825,0.110250000000002,5.10212100675,NA
"2012.09.027",27,"intertidal","Summer",679,4432,1.69130910937497,18,45.16855,-66.23823333,16.8612,16.8004,0.00360591179749961,0.00267850765457965,0.0851051165448442,0.912216375800576,2.4795,2.47525,16.45775,0.0507500000000007,3.7466276575,NA
"2012.09.028",28,"intertidal","Summer",1959,3550,0.987898605246656,21,45.16638333,-66.23505,14.977,14.9332,0.00292448420912048,0.0066362199662497,0.217341226260949,0.776022553772802,2.5085,2.50375,17.14275,0.0500000000000007,4.59259224925,NA
"2012.09.029",29,"intertidal","Summer",116,734,0.847668930074983,12,45.16525,-66.23,9.3006,9.2894,0.0012042233834375,0.00700798759876849,0.350130255990699,0.642861756410532,2.50875,2.504,12.8445,0.0292500000000011,2.16656023775,NA
"2012.09.030",30,"intertidal","Summer",152,909,1.13252346256838,11,45.16455,-66.23131667,23.2251,23.1938,0.00134767988081852,0.00425975907354552,0.587014633220947,0.408725607705507,2.51675,2.507,13.3015,0.0272500000000004,1.89490860725,NA
"2014.08.001",1,"subtidal","Summer",1210,4060,1.28760118560122,28,45.14815,-66.25416667,NA,NA,NA,NA,NA,NA,2.50825,2.505,12.051,0.0739999999999998,6.117746213,NA
"2014.08.002",2,"subtidal","Summer",597,1393,0.868219363904631,13,45.1494,-66.25515,12.1491,12.0813,0.00558066029582453,0.000910498042429209,0.0109921945485999,0.988097307408971,2.5145,2.5115,12.5895,0.0594999999999999,5.16471199025,NA
"2014.08.003",3,"subtidal","Summer",2718,2939,1.28042611766862,27,45.15006667,-66.25733333,10.3883,10.3262,0.00597787895998392,0.000600414479673065,0.00838643450640119,0.991013151013926,2.509,2.504,16.80825,0.06325,5.61919576825,NA
"2014.08.004",4,"subtidal","Summer",429,1811,1.38374742778637,15,45.16815,-66.25006667,22.1282,22.0824,0.00206975714246978,0.0030340904974097,0.450182045429845,0.546783864072746,2.51625,2.51025,14.81725,0.04575,4.581075871,NA
"2014.08.005",5,"subtidal","Summer",329,3577,1.39893596469963,18,45.17051667,-66.24845,19.601,19.5511,0.00254578848017963,0.00180041020709832,0.205062630747119,0.793136959045783,2.4835,2.48325,13.92975,0.0342499999999983,3.37294201125,NA
"2014.08.006",6,"subtidal","Summer",282,1726,1.52169226263351,15,45.17008333,-66.24563333,14.1974,14.1712,0.00184540831419833,0.0081856158970306,0.416026871401152,0.575787512701818,2.50275,2.50125,11.47175,0.0307499999999994,2.4091505075,NA
"2014.08.007",7,"subtidal","Summer",339,2866,1.87604691540029,24,45.16298333,-66.23688333,16.0012,15.937,0.00401219908506859,0.0390663236493694,0.360751709857564,0.600181966493066,2.22966666666667,2.22566666666667,11.1573333333333,0.027000000000001,2.272427557,NA
"2014.08.009",9,"subtidal","Summer",61,553,1.68297845132706,11,45.1584,-66.23653333,11.0979,11.0745,0.00210850701484085,0.0046593525667073,0.385732990202718,0.609607657230575,2.45033333333333,2.448,14.57,0.0306666666666668,2.559592123,NA
"2014.08.010",10,"subtidal","Summer",55,410,1.72951597429824,12,45.15853333,-66.24908333,4.7249,4.7124,0.00264555863616184,0.00526271114506409,0.196311858076564,0.798425430778372,1.99733333333333,1.992,15.0443333333333,0.0463333333333349,5.329547148,NA
"2014.08.011",11,"channel","Summer",230,2828,1.19845298128732,10,45.16633333,-66.24208333,3.4175,3.3953,0.0064959765910758,0.011398109150885,0.0384060318675817,0.950195858981533,2.51275,2.51425,11.79975,0.0455000000000005,5.36934878075,NA
"2014.08.012",12,"channel","Summer",45,1261,1.39237634752834,6,45.16903333,-66.2413,9.6086,9.582,0.00276835335012368,0.00349613859319557,0.0217699853892716,0.974733876017533,2.18975,2.18875,13.6165,0.0572499999999998,6.9895681855,NA
"2014.08.019",19,"channel","Summer",26,2834,1.77680041581878,10,45.18495,-66.25436667,27.7231,27.6703,0.00190454891408265,0.0114743967358504,0.0697209643552835,0.918804638908866,2.53625,2.5335,13.37825,0.0462500000000006,3.821141977,NA
"2014.08.020",20,"channel","Summer",4,935,1.38629436111989,4,45.186,-66.25748333,NA,NA,NA,NA,NA,NA,2.49,2.487,12.704,0.040750000000001,2.050283474,NA
"2014.08.021",21,"intertidal","Summer",74,2471,1.62951011977253,7,45.18233333,-66.25271667,7.7089,7.4622,0.0320019717469419,0.00964862909061671,0.0530004556297071,0.937350915279676,2.298,2.29633333333333,14.565,0.0350000000000001,4.44623079233333,NA
"2014.08.022",22,"intertidal","Summer",352,2430,1.56256563201872,12,45.18068333,-66.25113333,7.9865,7.9692,0.00216615538721599,0.00406565276313808,0.0476333885459017,0.94830095869096,2.48025,2.47875,14.30375,0.041500000000001,4.39683966625,NA
"2014.08.023",23,"intertidal","Summer",66,1645,2.18487414215054,13,45.17841667,-66.24851667,7.5406,7.5329,0.00102113890141366,0.00420820666675517,0.166589228583945,0.8292025647493,2.51475,2.5135,13.735,0.0245000000000015,2.15014003,NA
"2014.08.024",24,"intertidal","Summer",828,1818,1.61472002376745,13,45.17545,-66.23778333,9.9148,9.8975,0.00174486626053967,0.00143470573377115,0.0528719373579187,0.94569335690831,2.516,2.512,10.4235,0.0540000000000003,5.5135076365,NA
"2014.08.025",25,"intertidal","Summer",820,1842,1.52681597774742,13,45.17206667,-66.23495,9.0047,8.9954,0.00103279398536316,0.00461346910643218,0.155034795562176,0.840351735331392,2.073,2.068,15.697,0.0264999999999986,3.333306718,NA
"2014.08.026",26,"intertidal","Summer",211,2918,0.861447774287595,12,45.16983333,-66.23178333,11.4263,11.4051,0.00185536875453968,0.00315648262619354,0.130327660432613,0.866515856941193,2.52075,2.51475,12.48875,0.0374999999999996,4.09524559325,NA
"2014.08.027",27,"intertidal","Summer",127,676,1.05480271261628,9,45.16586667,-66.22843333,9.9017,9.8988,0.000292879000575694,0.0315189719966057,0.116246413706712,0.852234614296682,2.484,2.48175,11.89725,0.0352499999999996,2.33463323575,NA
"2014.08.028",28,"intertidal","Summer",146,1418,1.56467160633623,11,45.1609,-66.26056667,14.8424,14.8238,0.00125316660378371,0.00237455982946343,0.377271684723215,0.620353755447321,2.513,2.51,13.96025,0.0594999999999999,3.17690590475,NA
"2014.08.029",29,"intertidal","Summer",221,1041,1.47181460074921,12,45.16058333,-66.26431667,17.4168,17.3988,0.00103348491112013,0.00993171942892613,0.109777685817413,0.880290594753661,2.5315,2.529,13.8525,0.0299999999999976,2.0961920185,NA
"2014.08.030",30,"intertidal","Summer",254,824,1.46196162962212,17,45.15673333,-66.26231667,6.8376,6.8298,0.00114075114075108,0.000746727576210138,0.0893876833875077,0.909865589036282,2.51425,2.5115,13.31825,0.03125,2.2199956075,NA
"2014.11.001",1,"intertidal","Autumn",2242,1575,1.52122058689391,12,45.16351667,-66.26941667,11.154,11.1262,0.00249237941545658,0.000889791662921752,0.0211482806348978,0.97796192770218,2.541,2.5395,16.75475,0.0545000000000009,4.87224311,4.5
"2014.11.002",2,"intertidal","Autumn",1129,2528,1.11616240664574,13,45.16195,-66.26801667,15.5525,15.506,0.00298987301076986,0.0591641945053528,0.0383528956532955,0.902482909841352,2.5045,2.501,13.65575,0.0444999999999993,3.9372008125,5.2
"2014.11.003",3,"intertidal","Autumn",374,1297,1.28612070250256,18,45.16113333,-66.26393333,14.606,14.584,0.00150623031630826,0.00859846407021393,0.0684928688974218,0.922908667032364,2.52233333333333,2.52166666666667,12.496,0.0243333333333311,1.87749019566667,6.7
"2014.11.004",4,"intertidal","Autumn",278,1895,1.74134642231899,22,45.17465,-66.24866667,16.896,16.8631,0.00194720643939403,0.00961270466284372,0.118281929182653,0.872105366154503,2.01475,2.5135,11.08575,0.0325000000000006,2.685590266,7.2
"2014.11.005",5,"intertidal","Autumn",457,1456,1.49585065921257,20,45.17481667,-66.24541667,13.7414,13.735,0.000465745848312348,0.180771751001092,0.505941026574445,0.313287222424463,2.5355,2.53525,14.71925,0.0297500000000017,2.47499434725,7
"2014.11.006",6,"intertidal","Autumn",918,3150,1.16216481439953,21,45.177,-66.24715,14.2022,14.1661,0.0025418597118757,0.00355778937039835,0.265005894353421,0.73143631627618,2.51875,2.517,15.07025,0.0337499999999995,2.990611849,6.6
"2014.11.007",7,"intertidal","Autumn",6082,4987,1.71179369523045,18,45.17873333,-66.23805,15.3066,15.246,0.00395907647681398,0.00747737111373475,0.0605404696313787,0.931982159254886,2.47525,2.4735,12.7585,0.0495000000000001,4.67963052225,4.2
"2014.11.008",8,"intertidal","Autumn",2010,3024,1.82931799150957,19,45.17503333,-66.23608333,15.3664,15.3222,0.00287640566430654,0.00518854994713553,0.122593361266659,0.872218088786206,2.5195,2.5085,11.83425,0.0512499999999996,4.65353192825,4.5
"2014.11.009",9,"intertidal","Autumn",6587,5756,1.2208186040136,24,45.17203333,-66.2321,19.4635,19.3819,0.00419246281501262,0.00914255052394244,0.126494306543734,0.864363142932323,2.50225,2.501,15.0565,0.0504999999999995,4.86792656575,5.2
"2014.11.010",10,"intertidal","Autumn",2697,3815,0.816722768695328,26,45.16843333,-66.22668333,16.4119,16.3528,0.0036010455827784,0.013245438090113,0.109149503448951,0.877605058460936,2.4925,2.49,12.27625,0.0464999999999982,4.60882118275,5.9
"2014.11.011",11,"channel","Autumn",987,3767,2.22165887749848,44,45.18408333,-66.25236667,16.7303,16.6708,0.0035564215823984,0.048258032008062,0.0648499172205293,0.886892050771409,2.55425,2.5535,13.7885,0.0449999999999982,4.14100567925,13.5
"2014.11.012",12,"channel","Autumn",374,1525,2.15171616296551,25,45.18098333,-66.24713333,12.5755,12.5305,0.00357838654526672,0.0117952196640198,0.129571844698935,0.858632935637046,2.51275,2.51025,12.02975,0.0427499999999998,4.32301056075,6.8
"2014.11.013",13,"channel","Autumn",214,2416,2.08014552312939,18,45.17464667,-66.2435,13.7978,13.7549,0.00310919132035538,0.00372958000421668,0.0661873223360402,0.930083097659743,2.4915,2.49175,11.567,0.0540000000000003,4.6851894475,6.6
"2014.11.014",14,"channel","Autumn",2010,3028,1.81667875508618,24,45.17563333,-66.24203333,19.2931,19.2362,0.00294924092032897,0.03380085463865,0.14465434961167,0.82154479574968,2.416,2.4135,14.26975,0.041500000000001,3.89588056475,6.5
"2014.11.015",15,"channel","Autumn",354,2560,1.29010459078287,8,45.17375,-66.2406,10.1572,10.1059,0.00505060449730253,0.0271128746573784,0.0527414678554112,0.92014565748721,2.46633333333333,2.47,13.659,0.0486666666666675,4.52080804933333,6.5
"2014.11.016",16,"channel","Autumn",1607,2274,1.73803118515557,20,45.17181667,-66.2412,16.629,16.5728,0.00337963798183898,0.0192484070283839,0.132264916006951,0.848486676964665,2.91333333333333,2.90833333333333,14.263,0.0459999999999994,4.10408131666667,6.6
"2014.11.017",17,"channel","Autumn",478,2317,1.45864917039962,16,45.16898333,-66.24083333,16.5843,16.5019,0.00496855459681746,0.0191371902629394,0.0696162260103382,0.911246583726722,2.49475,2.49925,13.90175,0.0389999999999997,4.75970506925,7.9
"2014.11.018",18,"channel","Autumn",332,4392,1.92560753821758,18,45.16783333,-66.24201667,15.0046,14.9468,0.00385215200671796,0.0103366606899136,0.107708673428426,0.88195466588166,2.5285,2.53025,14.0055,0.0467499999999994,5.0582035625,6.6
"2014.11.019",19,"channel","Autumn",202,1776,1.6477506543172,14,45.16588333,-66.24215,11.306,11.2543,0.00457279320714667,0.0121731249389122,0.0835502874456874,0.9042765876154,2.49475,2.49475,13.86175,0.0547500000000021,6.3536617035,6.6
"2014.11.020",20,"channel","Autumn",368,2659,0.85315085983585,11,45.16526667,-66.243,5.1773,5.1404,0.00712726710833818,0.012022410707338,0.0483425414364641,0.939635047856198,2.492,2.48975,14.255,0.0387500000000021,4.67874731575,6.9
"2014.11.021",21,"subtidal","Autumn",250,1942,1.12737600253838,15,45.16661667,-66.24516667,17.7858,17.7415,0.00249075104858931,0.00818420088493081,0.255232082969309,0.73658371614576,2.52466666666667,2.52566666666667,11.4703333333333,0.0229999999999997,2.57878237766667,5.9
"2014.11.022",22,"subtidal","Autumn",261,1129,0.895444917416,14,45.16413333,-66.24783333,10.3217,10.315,0.000649117877869164,0.00340281143965099,0.433116820164809,0.56348036839554,2.51575,2.5155,15.39175,0.0217500000000008,1.86906785725,6.6
"2014.11.023",23,"subtidal","Autumn",183,910,0.656632716466874,9,45.16063333,-66.24581667,6.9139,6.9074,0.000940135090180515,0.478602658018936,0.279714509077222,0.241682832903842,2.49433333333333,2.49266666666667,14.0616666666667,0.0356666666666676,2.674492501,6.7
"2014.11.024",24,"subtidal","Autumn",428,4903,1.11991843433969,17,45.15598333,-66.2475,19.6956,19.6829,0.000644814070147768,0.0106691595242571,0.124194097414507,0.865136743061236,2.5035,2.50075,14.113,0.0459999999999994,4.42800610575,6.6
"2014.11.025",25,"subtidal","Autumn",1274,4839,1.64377546430385,20,45.15623333,-66.24236667,17.6588,17.6261,0.00185176795705248,0.325840656753337,0.19069448147917,0.483464861767492,2.52275,2.52175,15.71325,0.0465,3.348841415,7
"2014.11.026",26,"subtidal","Autumn",2468,6494,1.67618991593388,23,45.15333333,-66.24251667,9.8029,9.792,0.00111191586163273,0.0304330065359477,0.157567401960784,0.811999591503268,2.496,2.495,15.12125,0.0627499999999994,5.71343870325,7.1
"2014.11.027",27,"subtidal","Autumn",1106,4738,1.16045917927713,19,45.15286667,-66.24693333,12.3346,12.3283,0.000510758354547333,0.00365824971812821,0.160159957171711,0.836181793110161,2.551,2.5535,13.13575,0.0510000000000002,4.451736943,8.1
"2014.11.028",28,"subtidal","Autumn",162,1025,1.76434096446166,14,45.15713333,-66.25226667,13.1074,13.1007,0.000511161633886095,0.00589281488775409,0.145076217301366,0.84903096781088,2.4625,2.4615,10.12675,0.0287500000000023,2.39959004575,7
"2014.11.029",29,"subtidal","Autumn",3134,5057,1.35673254969859,22,45.15373333,-66.2558,14.9148,14.8891,0.00172312065867464,0.00722676320261131,0.0453821923420489,0.94739104445534,2.5295,2.53375,11.83775,0.0655000000000001,6.00108047525,6.6
"2014.11.030",30,"subtidal","Autumn",1033,5632,1.43795082976058,18,45.14876667,-66.24763333,10.5467,10.5221,0.00233248314638697,0.00794518204540919,0.0771614031419584,0.914893414812632,2.4925,2.4935,12.035,0.0500000000000007,4.4917844945,10.7
"2015.08.001",1,"intertidal","Summer",294,969,1.16723055245399,15,45.16577,-66.23009,26.6621,26.5551,0.00401318725831796,0.0401768398537381,0.519387989501075,0.440435170645187,2.49925,2.49675,15.79875,0.0195000000000007,2.3126866505,6.1
"2015.08.002",2,"intertidal","Summer",1176,3375,0.557110043380123,21,45.16772,-66.22815,45.603,45.3794,0.00490318619389086,0.0111900994724479,0.40771803946284,0.581091861064712,2.52175,2.5175,13.1395,0.0257500000000004,3.961480625,5.6
"2015.08.003",3,"intertidal","Summer",1407,3871,0.952361954754046,21,45.17036,-66.22764,22.6026,22.4707,0.00583561183226716,0.0113392106164917,0.128620826231493,0.860039963152016,2.48075,2.47475,17.7135,0.0307500000000012,4.24310228525,5.1
"2015.08.004",4,"intertidal","Summer",2608,4874,1.66070082697282,22,45.17069,-66.23492,37.6184,37.3851,0.00620175233396423,0.0133743122259938,0.168944312038753,0.817681375735253,2.501,2.4955,16.3335,0.0330000000000013,4.14716842775,4
"2015.08.005",5,"intertidal","Summer",3558,3889,1.70998224390505,13,45.17599,-66.23711,33.6703,33.458,0.00630526012539238,0.0245561599617431,0.0709008308924622,0.904543009145795,2.48225,2.47825,15.347,0.0322499999999994,4.388500432,3.1
"2015.08.006",6,"intertidal","Summer",1652,4362,1.75306128499298,16,45.17815,-66.24024,20.1364,19.9709,0.00821894678294025,0.00233840237545629,0.0439990185720223,0.953662579052521,2.494,2.48775,11.941,0.0304999999999982,4.65278853675,3.8
"2015.08.007",7,"intertidal","Summer",461,1174,2.00321261102218,19,45.17352,-66.24487,28.8116,28.6818,0.00450512987824334,0.345034133143666,0.420719759568786,0.234246107287548,2.49775,2.49575,10.20525,0.0269999999999992,1.873079525,5.9
"2015.08.008",8,"intertidal","Summer",600,3274,0.771656628557489,16,45.17648,-66.24787,26.1053,25.9711,0.00514071855140527,0.0272957248634059,0.251606593482756,0.721097681653838,2.47375,2.473,10.30625,0.0402500000000003,3.3663027865,5.4
"2015.08.009",9,"intertidal","Summer",2118,3932,1.50100953848035,14,45.18117,-66.25131,21.0814,20.9712,0.00522735681690964,0.00899328603036545,0.104624437323568,0.886382276646067,2.5035,2.50425,10.0685,0.0510000000000002,4.38279258825,3.7
"2015.08.010",10,"intertidal","Summer",812,5449,1.36948606178441,14,45.18631,-66.25588,20.9524,20.8293,0.00587522193161647,0.0172065311844373,0.09677233512408,0.886021133691483,2.50975,2.50925,10.3945,0.0470000000000006,4.17409116925,4.8
"2015.08.011",11,"channel","Summer",526,1814,1.55172236934008,17,45.1861,-66.25672,23.5348,23.5185,0.000692591396570232,0.966885643217042,0.00571465016901588,0.0273997066139422,2.501,2.4995,10.32275,0.0269999999999992,1.690955992,13.2
"2015.08.012",12,"channel","Summer",144,3580,2.36187300321152,16,45.18435,-66.25386,31.3524,31.2967,0.00177657850754652,0.733796214936399,0.0358983535005288,0.230305431563072,2.51575,2.516,16.857,0.0380000000000003,2.9512629655,10.9
"2015.08.013",13,"channel","Summer",532,3713,1.83435013186557,19,45.18241,-66.24945,20.1934,20.0516,0.00702209632850337,0.0168265874044964,0.0725528137405494,0.910620598854954,2.499,2.49975,14.1635,0.0459999999999994,5.0918782615,5.7
"2015.08.014",14,"channel","Summer",373,1756,2.23248709226906,24,45.17991,-66.24563,23.6445,23.5073,0.00580261794497663,0.0114389998000621,0.195552020010805,0.793008980189133,2.5155,2.51425,14.024,0.0340000000000007,3.34106354825,5.3
"2015.08.015",15,"channel","Summer",125,4608,1.48724219769811,13,45.17692,-66.2419,23.107,22.9045,0.00876357813649546,0.00919033377720535,0.042707764849702,0.948101901373093,2.4955,2.48925,10.41,0.0672500000000014,6.457145618,6.9
"2015.08.016",16,"channel","Summer",126,4903,1.47771746334034,11,45.17232,-66.24076,17.6467,17.4732,0.00983186658128719,0.0476730078062404,0.0793386443238789,0.872988347869881,2.48775,2.4825,14.79575,0.0594999999999999,4.92441513925,7.3
"2015.08.017",17,"channel","Summer",566,5436,1.29508511169773,14,45.16754,-66.2415,21.0874,20.9261,0.00764911748247772,0.0761250304643484,0.0760772432512508,0.847797726284401,2.498,2.49525,15.93275,0.0452499999999993,4.1972281795,7.3
"2015.08.018",18,"channel","Summer",144,3967,1.72614810524972,18,45.16583,-66.24249,21.22,21.0567,0.00769557021677677,0.0291641140349627,0.0628161107865905,0.908019775178447,2.502,2.4965,16.94875,0.0547500000000021,5.43845937525,6.6
"2015.08.019",19,"channel","Summer",4734,4189,1.07371652056815,21,45.16427,-66.24145,38.9146,38.6863,0.00586669270659334,0.0318122953086752,0.190736772449162,0.777450932242163,2.49825,2.494,14.37375,0.050749999999999,4.932001492,4.5
"2015.08.020",20,"channel","Summer",608,2771,0.68322860141391,12,45.16336,-66.2443,30.5599,30.3392,0.00722188227055719,0.0251325018457969,0.129667229195233,0.845200268958971,2.486,2.485,14.72825,0.0647499999999983,6.86080007025,6.4
"2015.08.021",21,"subtidal","Summer",98,380.5,2.01616982735369,17,45.16897,-66.2472,38.8964,38.7649,0.00338077559876995,0.100103444095045,0.576317751367861,0.323578804537094,2.51,2.50825,14.87,0.0437500000000011,3.040344261,4.2
"2015.08.022",22,"subtidal","Summer",195,261,1.51132989873709,18,45.15854,-66.25994,NA,NA,NA,NA,NA,NA,2.4945,2.49325,13.4835,0.0389999999999979,2.77743522125,3.6
"2015.08.023",23,"subtidal","Summer",340,3010,0.903053353713039,16,45.15367,-66.25056,28.2242,27.8994,0.0115078549613453,0.0155307999455185,0.184982472741349,0.799486727313132,2.48025,2.48075,9.97625,0.0560000000000009,4.91757949425,6
"2015.08.024",24,"subtidal","Summer",370,2612,1.58683192976281,17,45.15341,-66.24623,37.8161,37.5703,0.00649987703650021,0.0244661341538396,0.346922968408557,0.628610897437604,2.5015,2.49975,10.236,0.0357500000000002,3.04021587475,7.4
"2015.08.025",25,"subtidal","Summer",347,6114,2.02983022002781,19,45.15206,-66.24217,27.3894,27.0953,0.0107377306549249,0.0405088705421235,0.162906481935982,0.796584647521895,2.4635,2.4595,10.22775,0.0597500000000011,5.4290014615,8.2
"2015.08.026",26,"subtidal","Summer",1232,2815,1.12627915168311,22,45.15132,-66.23825,42.3195,42.0563,0.00621935514361003,0.0314578315258356,0.227573514550733,0.740968653923431,2.48825,2.485,10.319,0.0482499999999995,4.124877791,5.3
"2015.08.027",27,"subtidal","Summer",541,5131,1.00294461804248,14,45.15356,-66.23567,24.6288,24.5029,0.00511190151367496,0.00601153332870803,0.170469617881965,0.823518848789327,2.504,2.49925,10.35975,0.0527499999999996,4.46063146025,3.9
"2015.08.028",28,"subtidal","Summer",637,1212,1.56344147534637,23,45.15779,-66.2338,27.8364,27.7769,0.00213748904312339,0.115592452721506,0.5260774240466,0.358330123231894,2.494,2.49425,15.527,0.0327500000000018,2.22579542075,3
"2015.08.029",29,"subtidal","Summer",80,1437,2.12567156799566,13,45.15942,-66.23759,36.1083,35.9665,0.00392707493844915,0.124282318268389,0.486566666203273,0.389151015528339,2.46425,2.46125,12.80575,0.0387500000000003,3.160369141,3.3
"2015.08.030",30,"subtidal","Summer",621,3841,1.09367420052165,19,45.14748,-66.25175,19.6044,19.4921,0.00572830589051443,0.0305610991119479,0.0737580866094469,0.895680814278605,2.49275,2.4905,15.69625,0.0682500000000008,5.49164924775,5.3
"2015.11.001",1,"intertidal","Autumn",1370,3265,1.81390179636336,20,45.16414,-66.27005,NA,NA,NA,NA,NA,NA,2.53375,2.52725,10.387,0.0465000000000018,3.8305983525,2.7
"2015.11.002",2,"intertidal","Autumn",1523,2472,1.24021695293723,13,45.16556,-66.26995,NA,NA,NA,NA,NA,NA,2.489,2.48225,11.68,0.0429999999999993,4.03895115,2.1
"2015.11.003",3,"intertidal","Autumn",260,1490,2.09314167571668,24,45.16072,-66.26328,NA,NA,NA,NA,NA,NA,2.3315,2.46,13.5525,0.0265000000000004,1.829312644,6.1
"2015.11.004",4,"intertidal","Autumn",986,4891,1.14479608677869,20,45.17578,-66.24816,NA,NA,NA,NA,NA,NA,2.51825,2.51175,12.537,0.038000000000002,3.174895909,6.1
"2015.11.005",5,"intertidal","Autumn",2436,6125,1.09592668876927,17,45.17818,-66.24892,NA,NA,NA,NA,NA,NA,2.459,2.4515,10.00225,0.0414999999999992,3.61100568475,5.1
"2015.11.006",6,"intertidal","Autumn",4784,6702,0.976780553096038,15,45.18205,-66.2523,NA,NA,NA,NA,NA,NA,2.4845,2.47825,14.965,0.048,5.15213692075,4.7
"2015.11.007",7,"intertidal","Autumn",1710,5059,1.64788135982502,15,45.17989,-66.24113,NA,NA,NA,NA,NA,NA,2.51575,2.5155,15.0345,0.0537499999999991,4.47208736425,4.5
"2015.11.008",8,"intertidal","Autumn",2482,4875,1.27326315698661,12,45.17634,-66.23741,NA,NA,NA,NA,NA,NA,2.4915,2.4905,13.763,0.0467499999999994,4.647895593,2.9
"2015.11.009",9,"intertidal","Autumn",846,4892,1.81421041481903,18,45.17167,-66.2309,NA,NA,NA,NA,NA,NA,2.4975,2.49675,13.91725,0.0589999999999993,5.2535421165,4.7
"2015.11.010",10,"channel","Autumn",1233,3686,1.41221242812864,23,45.167,-66.23121,NA,NA,NA,NA,NA,NA,2.4875,2.48675,15.252,0.0520000000000014,4.67984855933333,5.8
"2015.11.011",11,"channel","Autumn",712,3305,1.69931722561669,21,45.18349,-66.25048,NA,NA,NA,NA,NA,NA,2.48075,2.47925,15.9965,0.052249999999999,5.64864085675,11
"2015.11.012",12,"channel","Autumn",580,5909,1.64931102257378,21,45.1822,-66.24959,NA,NA,NA,NA,NA,NA,2.49325,2.49125,12.091,0.0492499999999989,4.86797111975,6.6
"2015.11.013",13,"channel","Autumn",606,4825,1.36685484883864,14,45.18236,-66.24646,NA,NA,NA,NA,NA,NA,2.462,2.4635,13.55075,0.0560000000000009,4.922712228,7.1
"2015.11.014",14,"channel","Autumn",1448,3791,2.03543834417332,26,45.1801,-66.24534,NA,NA,NA,NA,NA,NA,2.486,2.487,10.15325,0.0419999999999998,3.93070549225,6.5
"2015.11.015",15,"channel","Autumn",848,3162,1.81523153850198,24,45.17797,-66.24297,NA,NA,NA,NA,NA,NA,2.47025,2.47075,10.4165,0.0377499999999991,3.17665231025,7
"2015.11.016",16,"channel","Autumn",2536,5308,1.67704211697911,21,45.17594,-66.24198,NA,NA,NA,NA,NA,NA,2.47,2.471,12.0995,0.0474999999999994,4.56311387325,7.2
"2015.11.017",17,"channel","Autumn",178,5762,1.81935752908001,16,45.17447,-66.24086,NA,NA,NA,NA,NA,NA,2.4575,2.45875,13.3585,0.0577500000000004,5.54132433425,8.3
"2015.11.018",18,"channel","Autumn",97,4412,2.02481160258469,18,45.17158,-66.2408,NA,NA,NA,NA,NA,NA,2.4805,2.48025,13.40275,0.0484999999999989,4.0916789865,8.6
"2015.11.019",19,"channel","Autumn",1152,5864,0.620553553142167,10,45.1694,-66.24101,NA,NA,NA,NA,NA,NA,2.47275,2.47475,14.359,0.0952500000000001,7.13318218075,8.8
"2015.11.020",20,"channel","Autumn",179,5288,1.25085915942969,14,45.16635,-66.24237,NA,NA,NA,NA,NA,NA,2.4625,2.46225,11.712,0.0567499999999992,5.03629103125,8.1
"2015.11.021",21,"subtidal","Autumn",476,5038,0.904531671690243,23,45.16889,-66.24632,NA,NA,NA,NA,NA,NA,2.48375,2.4855,12.8275,0.0527500000000014,4.9271337275,5.9
"2015.11.022",22,"subtidal","Autumn",186,1054,1.74588828087766,18,45.16812,-66.25112,NA,NA,NA,NA,NA,NA,2.49925,2.49825,14.629,0.0274999999999999,1.94121120825,6.1
"2015.11.023",23,"subtidal","Autumn",96,1239,1.87233792833694,15,45.1633,-66.25495,NA,NA,NA,NA,NA,NA,2.449,2.44875,13.17,0.0257500000000004,1.6947245735,6.1
"2015.11.024",24,"subtidal","Autumn",139,2337,2.17348562427346,18,45.15829,-66.25467,NA,NA,NA,NA,NA,NA,2.46225,2.461,12.442,0.068249999999999,5.6481653835,7.1
"2015.11.025",25,"subtidal","Autumn",3533,6884,1.33661625009758,25,45.15179,-66.25637,NA,NA,NA,NA,NA,NA,2.4675,2.469,17.25925,0.0697500000000026,5.2334511815,6.5
"2015.11.026",26,"subtidal","Autumn",102,1538,2.32038210282161,17,45.15831,-66.24544,NA,NA,NA,NA,NA,NA,2.496,2.495,10.5285,0.0292500000000011,1.984058054,7.6
"2015.11.027",27,"subtidal","Autumn",101,1869,2.20209039859962,16,45.15863,-66.23897,NA,NA,NA,NA,NA,NA,2.537,2.53825,14.394,0.0355000000000008,2.82639834925,6.7
"2015.11.028",28,"subtidal","Autumn",377,2251,1.22409239371065,18,45.16285,-66.23285,NA,NA,NA,NA,NA,NA,2.5005,2.501,11.867,0.0265000000000004,2.29285121225,5.2
"2015.11.029",29,"subtidal","Autumn",182,1844,2.18547381810518,22,45.1558,-66.23562,NA,NA,NA,NA,NA,NA,2.46475,2.46525,17.412,0.0293333333333337,2.17374739966667,6.1
"2015.11.030",30,"subtidal","Autumn",552,6103,2.10348214138888,21,45.14918,-66.24389,NA,NA,NA,NA,NA,NA,2.50325,2.50275,14.34475,0.0534999999999997,4.5351101555,11.8
"2016.01.001",1,"subtidal","Winter",612,6063,1.56180086873371,18,45.14455,-66.24793,35.6821,35.4704,0.00593294677163061,0.0372197663403852,0.193910979295413,0.768869254364202,2.4995,2.50425,17.15925,0.0609999999999999,5.040576236,10.2666666666667
"2016.01.002",2,"subtidal","Winter",288,4411,1.88586439995047,19,45.14542,-66.24922,42.9808,42.8151,0.00385520976808252,0.1500381874619,0.078098614741061,0.771863197797039,2.53675,2.53925,13.87525,0.0479999999999983,4.048112551,14.2
"2016.01.003",3,"subtidal","Winter",1033,6465,1.11923223662322,17,45.14757,-66.25099,32.8597,32.6598,0.00608343959317947,0.00808333180239928,0.046065805669355,0.945850862528246,2.565,2.56925,14.0935,0.0557500000000015,4.9136130605,9.9
"2016.01.004",4,"subtidal","Winter",752,4733,1.4165191861436,21,45.15248,-66.25071,53.5474,53.3123,0.00439050262010859,0.00914047977671194,0.152992836549914,0.837866683673374,2.50325,2.50725,11.5015,0.0719999999999992,6.72880400025,9.3
"2016.01.005",5,"subtidal","Winter",54,893,1.75987498804399,12,45.15694,-66.24955,43.7525,43.6161,0.00311753614079183,0.00523889114340805,0.269450959622708,0.725310149233884,2.492,2.49175,12.841,0.0280000000000005,2.1072595895,8.6
"2016.01.006",6,"subtidal","Winter",52,1208,2.12811892915789,16,45.15677,-66.24365,42.4418,42.3829,0.00138778279903306,0.481113845442384,0.371015197166782,0.147870957390834,2.51325,2.5125,12.35225,0.0287500000000005,1.9899116285,9.3
"2016.01.007",7,"subtidal","Winter",379,3892,1.873079448913,24,45.15773,-66.23724,46.9648,46.8273,0.0029277245937382,0.00657095326871291,0.342293918291253,0.651135128440034,2.47975,2.4785,11.81875,0.0467499999999994,3.78298511675,8.1
"2016.01.008",8,"subtidal","Winter",183,5464,1.90348278248437,15,45.16041,-66.23427,41.6379,41.5799,0.0013929617007582,0.00303512033458474,0.564775288059856,0.432189591605559,2.52175,2.5185,13.366,0.0274999999999999,2.10447537575,7.4
"2016.01.009",9,"subtidal","Winter",12,791,0.983087758574785,4,45.16006,-66.24839,39.6438,39.6111,0.000824845246923817,0.00935343880881874,0.515191448861556,0.475455112329625,2.472,2.4705,15.7585,0.0397499999999997,2.34257517625,8.6
"2016.01.010",10,"subtidal","Winter",14,541,1.96523704938023,9,45.15997,-66.25611,45.0377,45.012,0.000570633047424724,0.00742246512041233,0.595241268994935,0.397336265884653,2.5045,2.50225,11.94725,0.0612500000000011,3.14414484675,7.7
"2016.01.011",11,"intertidal","Winter",262,1784,2.04142144283515,28,45.15818,-66.26277,36.5038,36.3659,0.00377768889814216,0.00592588111390066,0.126791857206889,0.867282261679211,2.508,2.50625,11.26225,0.0372499999999985,3.05238862775,6.6
"2016.01.012",12,"intertidal","Winter",206,1494,2.1166776379207,18,45.16069,-66.26356,41.5513,41.4759,0.00181462433185007,0.00445559951682785,0.242227413992222,0.75331698649095,2.5195,2.5165,13.147,0.0325000000000006,2.09738197975,6.1
"2016.01.013",13,"intertidal","Winter",1412,5010,1.80384262168536,34,45.17071,-66.2431,63.7228,63.6157,0.00168071710596525,0.342343163715875,0.271302524376844,0.386354311907281,2.486,2.4855,14.16125,0.0325000000000006,2.78710525625,6.9
"2016.01.014",14,"intertidal","Winter",558,5373,2.0155208515969,20,45.17364,-66.24345,54.6637,54.5522,0.00203974483981142,0.0278577215950961,0.371667870406693,0.600474407998211,2.4685,2.46775,13.51775,0.0357500000000002,3.281575906,7.1
"2016.01.015",15,"intertidal","Winter",121,2696,1.6863665918285,14,45.17649,-66.24634,27.5911,27.4506,0.0050922217671639,0.00463742140426803,0.137938697150518,0.857423881445214,2.49925,2.4995,12.56275,0.0384999999999991,3.65943072975,6.8
"2016.01.016",16,"intertidal","Winter",1914,5201,0.872460401266295,16,45.17962,-66.24943,48.7258,48.5807,0.00297788851080975,0.00305059416599596,0.146984296232866,0.849965109601138,2.51125,2.511,17.60325,0.0372499999999967,3.4748672185,5.7
"2016.01.017",17,"intertidal","Winter",1720,5153,1.25381797570619,14,45.17941,-66.2411,30.4023,30.2366,0.00545024554063347,0.00331717190424849,0.0446974858284331,0.951985342267318,2.4965,2.49775,11.907,0.0577499999999986,5.596442316,5.2
"2016.01.018",18,"intertidal","Winter",1618,3546,1.24519409371992,15,45.17588,-66.24783,33.0681,32.915,0.00462983963396754,0.00660185325839283,0.11366854017925,0.879729606562358,2.50475,2.50525,11.91525,0.0444999999999993,4.161368158,4.2
"2016.01.019",19,"intertidal","Winter",1674,5053,1.30763604625373,13,45.1746,-66.23243,35.4736,35.3146,0.00448220648595028,0.00457317936490856,0.0357614131265822,0.959665407508509,2.503,2.50425,11.19325,0.0449999999999999,4.562767232,4.5
"2016.01.020",20,"intertidal","Winter",444,4557,1.52625416687274,25,45.16952,-66.23168,24.1495,24.0441,0.00436447959585082,0.00755694744240791,0.154686596711875,0.837756455845717,2.506,2.5065,11.546,0.0424999999999986,4.37831032225,5.8
"2016.01.021",21,"channel","Winter",88,3239,1.17439990983297,7,45.16706,-66.24201,31.4666,31.3173,0.00474471344218962,0.00933669249903408,0.0555443796240417,0.935118927876924,2.483,2.48625,15.5615,0.0520000000000014,5.52038146325,9.7
"2016.01.022",22,"channel","Winter",155,4572,1.24408437124915,8,45.16863,-66.24115,32.6069,32.4099,0.00604166602774268,0.00821045421306453,0.081765139664115,0.910024406122821,2.53025,2.532,13.28875,0.0455000000000005,4.728466073,10.2
"2016.01.023",23,"channel","Winter",65,4101,1.45078327161221,12,45.17208,-66.24072,35.515,35.3313,0.00517246233985645,0.00605695233404941,0.0903646341912129,0.903578413474738,2.533,2.53575,13.71125,0.0519999999999996,5.048303751,9.8
"2016.01.024",24,"channel","Winter",833,2631,1.92727565769972,20,45.17608,-66.24228,35.442,35.3203,0.00343377913210327,0.00683742776816731,0.156340687933002,0.836821884298831,2633.59125,2.47575,13.30175,0.0362500000000008,3.695597202,7.5
"2016.01.025",25,"channel","Winter",516,4037,2.46070544908935,26,45.17902,-66.24468,43.9888,43.8628,0.00286436547484809,0.045129357906928,0.245743545783671,0.709127096309401,2.497,2.499,12.13725,0.0454999999999988,3.7212704695,7.2
"2016.01.026",26,"channel","Winter",319,3629,1.89709089298508,15,45.18235,-66.24576,28.082,28.0124,0.00247845595043092,0.00988490811212177,0.0456083734346218,0.944506718453256,2.48175,2.486,12.3885,0.074250000000001,8.438241728,8.1
"2016.01.027",27,"channel","Winter",136,5153,1.82555832307237,11,45.18267,-66.24966,29.6988,29.6821,0.000562312281977728,0.00499627721758231,0.0485174566489568,0.946486266133461,2.47025,2.47325,14.30725,0.0404999999999998,3.8007143365,8.5
"2016.01.028",28,"channel","Winter",67,5235,1.79564862268008,11,45.1836,-66.25199,38.119,38.1463,-0.000716178283795584,0.00589834400715141,0.0614528800958415,0.932648775897007,2.53225,2.534,12.16325,0.0449999999999999,4.06495690025,10.7
"2016.01.029",29,"channel","Winter",108,507,2.01795114855564,13,45.18555,-66.25484,70.2302,70.1931,0.000528262770147248,0.896166432313148,0.0120838088074184,0.091749758879434,2.265,2.26475,10.16825,0.115,6.88383106525,8.6
"2016.01.030",30,"channel","Winter",520,3341,0.400550745615645,10,45.18862,-66.25916,35.4448,35.33,0.00323883898343346,0.0104189074440985,0.0412510614208888,0.948330031135013,2.504,2.5075,15.67025,0.04725,4.6559096135,18.3
"2016.09.001",1,"subtidal","Summer",4788,2571,1.54632398227007,46,45.14331,-66.26158,43.3697,31.7899,0.267002077487278,0.701383143702874,0.0918845293630996,0.206732326934026,2.5226575,2.520145,16.820075,0.0453124999999979,2.48247421825,9.5
"2016.09.002",2,"subtidal","Summer",2456,1925,2.30348479337664,55,45.14306,-66.26341,44.6654,32.0971,0.281387830401161,0.767711101626004,0.023101775549816,0.20918712282418,2.528285,2.524725,17.0971575,0.0549025000000007,3.38621772725,7.9
"2016.09.003",3,"subtidal","Summer",3187,684,1.40508713387574,30,45.1565,-66.23486,43.8286,32.8504,0.250480279999817,0.0219662469863381,0.694615590677739,0.283418162335923,2.5269075,2.52446,17.2105475,0.0305725000000017,1.964013374,7.7
"2016.09.004",4,"subtidal","Summer",1413,610,1.73445772030645,41,45.15664,-66.23217,NA,NA,NA,NA,NA,NA,2.50399,2.4999175,16.3648175,0.0424250000000015,3.0655530165,7.5
"2016.09.005",5,"intertidal","Summer",249,771,0.848721775596224,7,45.16546,-66.22901,41.8732,31.1951,0.255010364624629,0.0415994819699248,0.18757433058397,0.770826187446105,2.532275,2.52841,18.0091175,0.029572500000004,1.82217501025,6.1
"2016.09.006",6,"intertidal","Summer",1480,3454,1.35794396271319,22,45.16907,-66.22747,40.1296,25.547,0.363387624097923,0.00877206717031354,0.138611187223549,0.852616745606138,2.528595,2.5173825,16.8362475,0.0525950000000002,4.74364741175,5.5
"2016.09.007",7,"intertidal","Summer",1296,4934,1.27758225378802,21,45.17121,-66.23309,40.2528,24.5449,0.390231238572224,0.0065349624565592,0.0935347057840936,0.899930331759347,2.49081,2.4815375,17.45906,0.0490300000000019,4.17513937025,2
"2016.09.008",8,"intertidal","Summer",14176,3123,0.926454536757047,36,45.17275,-66.23767,82.6758,53.7961,0.349312616267396,0.00333853197536624,0.111260853481944,0.88540061454269,2.56417,2.55646333333333,14.7481533333333,0.0490099999999991,4.06859299766667,4.4
"2016.09.009",9,"intertidal","Summer",4514,4683,1.50646862491554,37,45.1786,-66.2391,90.8495,54.0203,0.405386931133358,0.00297665877457178,0.0410142113242614,0.956009129901167,2.5109825,2.505375,16.77601,0.0436650000000007,3.531870556,4.8
"2016.09.010",10,"intertidal","Summer",9201,1424,1.72547235005662,36,45.17429,-66.24476,85.6929,67.9009,0.207625135804717,0.856265528144693,0.0804908329639224,0.0632436388913843,2.55129,2.54924,17.134065,0.0300075,1.85176782125,6.8
"2016.09.011",11,"intertidal","Summer",7555,3417,0.363588888039842,28,45.17488,-66.24723,72.6231,48.3466,0.334280690303774,0.0119325867796288,0.298982761972921,0.689084651247451,2.5187775,2.5124075,17.16069,0.0505974999999985,4.22917410825,6.6
"2017.11.011",11,"intertidal","Autumn",7317,4398,1.43107042522816,11,45.1782,-66.24,110.0266,64.4226,0.41448158899757,0.00685939406357396,0.0438029511382651,0.949337654798161,2.534045,2.5179375,17.2726275,0.0479199999999977,4.96208672,3.6
"2017.11.012",12,"intertidal","Autumn",4367,1174,1.21847644583957,22,45.184,-66.2468,49.5851,24.9163,0.497504290603427,0.00303817179918367,0.0362814703627746,0.960680357838042,2.512645,2.486375,16.556105,0.0860199999999978,6.62911480225,5.5
"2017.11.013",13,"channel","Autumn",618,2002,2.40855676994677,41,45.1837,-66.2517,67.6067,45.821,0.322241730479375,0.419484515833352,0.0657405992885358,0.514774884878113,NA,NA,NA,NA,NA,12.5
"2017.11.014",14,"channel","Autumn",2722,4120,1.72579338489955,28,45.1823,-66.2462,55.5634,21.2878,0.616873697433922,0.0489717114967258,0.0459183194129971,0.905109969090277,2.5600975,2.5480775,16.8452175,0.0721100000000021,6.05458801125,7.7
"2017.11.015",15,"channel","Autumn",716,3312,1.09654235677445,20,45.1792,-66.2428,52.9592,31.9851,0.396042613936766,0.00798496800072534,0.0566607576652879,0.935354274333987,2.49761,2.4874925,15.168415,0.0590525,4.46192880575,8.3
"2017.11.016",16,"channel","Autumn",2555,5206,1.42734629717622,29,45.1759,-66.2419,57.1764,31.6122,0.447111045816106,0.0258317991155313,0.0373495043052999,0.936818696579169,2.5269325,2.541915,17.22272,0.054669999999998,5.2627152115,8.4
"2017.11.017",17,"channel","Autumn",738,2746,0.54839371391505,19,45.1722,-66.2407,73.8461,44.0689,0.403233210690883,0.040007805958397,0.0561597861530467,0.903832407888556,2.4927125,2.4673725,17.04532,0.0649700000000024,5.783856755,8.9
"2017.11.018",18,"channel","Autumn",1221,4334,1.35103946438063,23,45.1694,-66.2412,49.4611,24.4284,0.50610884108926,0.00974275842871412,0.0329534476265331,0.957303793944753,2.5001225,2.4882475,16.8557375,0.0420175,3.38397698225,9.1
"2021.09.001",1,"subtidal","Autumn",1114,5584,2.05256238966894,23,45.1431,-66.26253,62.2393,41.6715,0.330463228217541,0.348619560131025,0.132855788728507,0.518524651140468,2.5274975,2.527015,17.0749775,0.00191750000000113,0.633693932148214,7.7
"2021.09.002",2,"subtidal","Autumn",982.666666783,3470,1.88178214475179,20,45.1422,-66.26192,41.6653,23.5772,0.434128639419373,0.0462226218550125,0.117596661181141,0.836180716963846,2.55980333333333,2.55925666666667,16.0989266666667,0.00320666666666725,0.874079858394244,8.9
"2021.09.003",3,"subtidal","Autumn",326,2340,1.2878493860392,15,45.1464,-66.25058,54.3002,32.9949,0.392361354101826,0.0173420740781151,0.0816429205725733,0.901015005349312,2.5458325,2.545405,18.0356025,0.00349749999999815,1.07404786526825,10
"2021.09.004",4,"subtidal","Autumn",654,1928,1.00895504314977,17,45.1489,-66.25003,65.6467,35.6487,0.456961279089429,0.0186907236449015,0.0945953148361651,0.886713961518933,2.5581425,2.5574975,16.8635525,0.00423250000000053,1.36090508168557,9.2
"2021.09.005",5,"subtidal","Autumn",1096.000000063,4188,1.14301577740099,16,45.151,-66.24892,63.197,34.7219,0.450576767884551,0.0103767362961128,0.0876046529711796,0.902018610732708,2.521065,2.5199225,16.54455,0.00423750000000211,1.15928269814085,8.8
"2021.09.006",6,"subtidal","Autumn",552,5084,1.85992625810484,17,45.1539,-66.24748,62.7912,39.5857,0.369566117545134,0.0187188808079685,0.159509620898456,0.821771498293576,2.5053975,2.5039725,17.5795875,0.0516125000000009,4.61554890147692,9.5
"2021.09.007",7,"subtidal","Autumn",30,336,1.70151910075051,8,45.1555,-66.24543,68.8552,51.4527,0.252740533757799,0.421260691858736,0.442206142729147,0.136533165412116,2.554215,2.55359,16.40552,0.0324600000000004,2.70151503579872,8.8
"2021.09.008",8,"subtidal","Autumn",1125.714285715,5965,1.78718357246889,18,45.1555,-66.24233,64.5969,41.5149,0.357323648658063,0.121989936143409,0.183543739717547,0.694466324139044,2.50833,2.50696,11.7751675,0.0480324999999997,3.81978901169425,9.6
"2021.09.009",9,"subtidal","Autumn",1462.571428556,4790,1.35793956296969,18,45.1544,-66.23992,63.7944,36.309,0.43084345961401,0.0218595940400452,0.156994133685863,0.821146272274092,2.5382525,2.53728,16.93204,0.0561550000000004,4.58239792036938,9
"2021.09.010",10,"subtidal","Autumn",1594.333333325,5178,1.29251406293058,18,45.1519,-66.23912,61.7754,40.3662,0.346565137579036,0.0255560345041148,0.192373817698966,0.782070147796919,2.5166175,2.5139,10.17077,0.060159999999998,4.88099142013647,9.3
"2021.09.011",11,"intertidal","Autumn",814,1524,0.511290523239602,16,45.1648,-66.22852,55.7692,35.7703,0.358601163366159,0.0385291708484413,0.141388246673917,0.820082582477642,2.54847425,2.550108,10.8331275,0.0517125000000007,4.75192586377114,6
"2021.09.012",12,"intertidal","Autumn",130,776,1.3575879683849,13,45.1671,-66.2309,55.9838,33.4076,0.403263086821545,0.011290843999569,0.184706473975981,0.804002682024449,2.51500625,2.51175875,18.339175,0.0577600000000018,4.95646940751945,5.9
"2021.09.013",13,"intertidal","Autumn",1238,3966,0.806251216155238,18,45.1698,-66.23233,58.6662,34.1802,0.417378320054819,0.0162052884418465,0.107097091298471,0.876697620259682,2.5338,2.5102175,16.17108,0.0586024999999992,4.90217754975358,5.1
"2021.09.014",14,"intertidal","Autumn",1227,1982,1.56598090343587,24,45.1713,-66.23505,64.1138,36.3463,0.433097086742636,0.00658664018070615,0.143714766014697,0.849698593804596,2.5231625,2.51809,17.084405,0.0509599999999999,4.04818817371737,4.2
"2021.09.015",15,"intertidal","Autumn",1004,2030,1.73186991007776,16,45.1719,-66.23852,59.5587,37.6283,0.368214887161741,0.00342029802037296,0.11865803132217,0.877921670657457,2.534965,2.530945,10.387905,0.0443600000000011,4.56906755684222,4.1
"2021.09.016",16,"intertidal","Autumn",754,2164,1.83607686174733,20,45.1761,-66.24815,65.9565,47.8259,0.274887236284521,0.0132815064640707,0.390148434216606,0.596570059319323,2.55015675,2.546965,10.34558,0.0346325000000007,2.64803933173558,6.1
"2021.09.017",17,"intertidal","Autumn",711,1814,1.18909029125555,18,45.1787,-66.24875,66.4121,47.4157,0.286038237008015,0.00768310918113621,0.293097012171074,0.69921987864779,2.529335,2.5277975,17.1952825,0.03491,2.69304589151716,5.4
"2021.09.018",18,"intertidal","Autumn",3836,4840,1.19910971125059,13,45.1811,-66.25127,64.3338,40.0713,0.3771345700083,0.00412514692560511,0.110887343310549,0.884987509763846,2.5251425,2.525045,16.8619425,0.046244999999999,3.77004946936189,4.2
"2021.09.019",19,"intertidal","Autumn",17,570,1.73153540826228,7,45.1672,-66.2561,67.9567,61.3795,0.0967851587849323,0.982660334476495,0.00927508370058407,0.00806458182292133,2.586465,2.5829,16.343245,0.0363350000000011,2.42343315575404,4.1
"2021.09.020",20,"intertidal","Autumn",49,496,1.82140920613463,12,45.1614,-66.26302,62.4025,46.5354,0.254270261608109,0.0105768941494002,0.270166367969331,0.719256737881269,2.6289725,2.6241375,12.4150025,0.0319524999999992,2.15654223423963,6.1
"2021.09.021",21,"channel","Autumn",916,2502,0.496459516314456,14,45.1654,-66.24272,66.3054,36.801,0.444977332162991,0.00916279448928018,0.0816200646721557,0.909217140838564,2.5710025,2.570285,17.40913,0.0635299999999965,6.52344757602977,8.4
"2021.09.022",22,"channel","Autumn",400,3604,1.37349828165165,12,45.167,-66.2418,34.5373,19.9495,0.422378124520446,0.0145116418957869,0.127973132158701,0.857515225945512,2.5628625,2.55768,16.59221,0.0576400000000028,5.3863145051573,9.2
"2021.09.023",23,"channel","Autumn",314,2516,1.8637396565715,19,45.1689,-66.2408,64.2748,36.0629,0.438926297709211,0.00432854817554883,0.106258786730962,0.889412665093489,2.61439075,2.61129,17.022345,0.0639825000000016,5.49803698428596,9.5
"2021.09.024",24,"channel","Autumn",224,4532,1.72635012036195,18,45.171,-66.24088,72.9064,43.5086,0.403226602877114,0.121925320511347,0.101069673581775,0.777005005906878,2.618145,2.616725,16.536095,0.0561350000000012,4.75757607855387,9.1
"2021.09.025",25,"channel","Autumn",1264,1298,0.352028275152199,8,45.1733,-66.24052,22.4992,10.9577,0.512973794623809,0.0167827190012503,0.0497093368133824,0.933507944185367,2.56613333333333,2.56078333333333,17.8149666666667,0.0749999999999993,6.96681916641689,8.8
"2021.09.026",26,"channel","Autumn",416,5752,1.12934767698877,10,45.1756,-66.24105,65.3855,34.5282,0.471928791551644,0.0120568115337608,0.0369958468729908,0.950947341593248,2.54246,2.5445075,15.3760075,0.000362499999999599,3.57383920697369,8.6
"2021.09.027",27,"channel","Autumn",498,2668,1.30560949008421,11,45.1782,-66.24248,57.9846,34.0941,0.412014569385664,0.00887836898466303,0.0604151451424147,0.930706485872922,2.548255,2.544305,10.160795,0.000795000000000101,2.76222042462871,7.9
"2021.09.028",28,"channel","Autumn",357,1218,1.42152815316417,22,45.1806,-66.24412,67.8796,46.1626,0.319934118645366,0.00830759099357488,0.0786480830802424,0.913044325926183,2.515435,2.5113275,18.176165,0.000827500000003312,3.21130997672353,7.7
"2021.09.029",29,"channel","Autumn",610,2088,2.21064867602854,20,45.1824,-66.24558,60.4672,36.1166,0.40270758361558,0.0105990043359563,0.055963185903435,0.933437809760609,2.498005,2.48815,15.449505,0.000867500000000021,2.37395771807925,7.3
"2021.09.030",30,"channel","Autumn",2944,3626,1.23663939737937,15,45.1837,-66.24858,49.7989,24.7786,0.502426760430451,0.00585585949165812,0.0746127706972952,0.919531369811047,2.518855,2.5152625,13.6152375,0.0127875,3.25403449036954,6.8
