set_id,day_jour,month_mois,year_année,station,lat,lon,depth_m_profondeur_m,time_heure,strata_strate,season_saison,wt_a_g,wt_b_g,wt_c_g,tot_wt_g,comments_commentaires
2010.02.001,18,2,2010,1,45.18628333,-66.25706667,8.1,14:05,channel,Winter,1899.8,2224.5,2282.7,6407,
2010.02.002,18,2,2010,2,45.18533333,-66.25483333,11,14:10,channel,Winter,2085.8,2113.1,1997.5,6196.4,
2010.02.003,18,2,2010,3,45.1841,-66.25236667,9.5,14:14,channel,Winter,1552.3,1783.5,971.2,4307,
2010.02.004,18,2,2010,4,45.18301667,-66.2486,3.5,14:18,channel,Winter,1914.2,1958.2,2074.9,5947.3,
2010.02.005,18,2,2010,5,45.18128333,-66.24531667,3.6,14:21,channel,Winter,2207.6,1982.8,2340.8,6531.2,
2010.02.006,18,2,2010,6,45.17888333,-66.24243333,4.4,14:23,channel,Winter,2199.2,2284.1,1934.5,6417.8,
2010.02.007,18,2,2010,7,45.17626667,-66.24101667,3.9,14:27,channel,Winter,2199.6,1754.5,2041.4,5995.5,
2010.02.008,18,2,2010,8,45.17315,-66.24018333,4.4,14:30,channel,Winter,2304.4,2215.4,2298.6,6818.4,
2010.02.009,18,2,2010,9,45.17015,-66.24038333,5,14:32,channel,Winter,1552,2224,2033,5809,
2010.02.010,18,2,2010,10,45.16558333,-66.24205,4.4,14:35,channel,Winter,1940.4,1937.2,2034.6,5912.2,
2010.02.011,18,2,2010,11,45.16111667,-66.23395,4,14:43,subtidal,Winter,951.6,630.2,186.4,1768.2,
2010.02.012,18,2,2010,12,45.15476667,-66.23531667,5,14:48,subtidal,Winter,739.3,429.4,642.5,1811.2,
2010.02.013,18,2,2010,13,45.14865,-66.23871667,9.4,14:51,subtidal,Winter,1727,2032.4,1372.8,5132.2,
2010.02.014,18,2,2010,14,45.14768333,-66.24478333,12.1,14:56,subtidal,Winter,492,892.7,483.3,1868,
2010.02.015,18,2,2010,15,45.1501,-66.25236667,6.5,15:00,subtidal,Winter,2204.9,2332.8,2195.2,6732.9,
2010.02.016,18,2,2010,16,45.15658333,-66.25671667,5.2,15:05,subtidal,Winter,639.1,733.7,434.7,1807.5,
2010.02.017,18,2,2010,17,45.16575,-66.25015,4.9,15:10,subtidal,Winter,202,450.3,536.6,1188.9,
2010.02.018,18,2,2010,18,45.16161667,-66.2447,6.5,15:14,subtidal,Winter,2211.3,1988.9,2203,6403.2,
2010.02.019,18,2,2010,19,45.15568333,-66.24491667,7.4,15:17,subtidal,Winter,222.1,261.8,676,1159.9,
2010.02.020,18,2,2010,20,45.15095,-66.24588333,10.5,15:22,subtidal,Winter,79.5,801.8,1563.2,2444.5,
2010.02.021,18,2,2010,21,45.15901667,-66.26161667,4.2,15:30,intertidal,Winter,746.8,105.1,205.6,1057.5,
2010.02.022,18,2,2010,22,45.16278333,-66.26763333,1.7,15:38,intertidal,Winter,1694.8,1606.6,1636.7,4938.1,
2010.02.023,18,2,2010,23,45.1754,-66.24703333,4.5,15:44,intertidal,Winter,1258.8,981.2,1810.7,4050.7,
2010.02.024,18,2,2010,24,45.17981667,-66.24963333,3.6,15:47,intertidal,Winter,812.6,1538.8,1163.9,3515.3,
2010.02.025,18,2,2010,25,45.17918333,-66.23893333,1.8,15:51,intertidal,Winter,1364.3,1741.9,1670.7,4776.9,
2010.02.026,18,2,2010,26,45.1739,-66.23751667,2.1,15:55,intertidal,Winter,1896,1152,1733.7,4781.7,
2010.02.027,18,2,2010,27,45.175,-66.23016667,0,16:00,intertidal,Winter,1830.2,1761.2,2010.5,5601.9,
2010.02.028,18,2,2010,28,45.16996667,-66.22865,4,16:04,intertidal,Winter,1495.9,1207.3,931.1,3634.3,
2010.02.029,18,2,2010,29,45.16553333,-66.23168333,5.2,16:08,intertidal,Winter,136.1,407.7,339.2,883,
2010.02.030,18,2,2010,30,45.16968333,-66.23608333,2.9,16:11,intertidal,Winter,1314.5,243.3,296.7,1854.5,
2010.08.001,18,8,2010,1,45.14396667,-66.26365,0,12:20,intertidal,Summer,444.8,35.4,433.8,914,
2010.08.002,18,8,2010,2,45.1416,-66.2616,8.8,12:26,subtidal,Summer,283.9,913.5,1961.7,3159.1,
2010.08.003,18,8,2010,3,45.14075,-66.26006667,10,12:31,subtidal,Summer,2124.9,189.6,114.8,2429.3,
2010.08.004,18,8,2010,4,45.15641667,-66.26276667,4.6,12:42,intertidal,Summer,467.4,1011.1,658.7,2137.2,
2010.08.005,18,8,2010,5,45.1583,-66.26281667,4.3,12:46,intertidal,Summer,205.3,266.7,100.2,572.2,
2010.08.006,18,8,2010,6,45.15391667,-66.23096667,4.3,13:01,intertidal,Summer,1284.9,1884.6,2088.8,5258.3,
2010.08.007,18,8,2010,7,45.15475,-66.23036667,4.1,13:04,intertidal,Summer,1131.9,1095.1,1941.1,4168.1,
2010.08.008,18,8,2010,8,45.16595,-66.23123333,3.7,13:13,intertidal,Summer,288,498.3,365.5,1151.8,
2010.08.009,18,8,2010,9,45.16965,-66.23213333,0,13:19,intertidal,Summer,1696.6,1614.2,1939.7,5250.5,
2010.08.010,18,8,2010,10,45.17343333,-66.24256667,0,13:27,intertidal,Summer,1978.5,1469.1,364.7,3812.3,
2010.08.011,18,8,2010,11,45.17536667,-66.24156667,5.2,13:34,channel,Summer,406.6,409.6,1844.3,2660.5,
2010.08.012,18,8,2010,12,45.17763333,-66.24225,5.1,13:40,channel,Summer,1648.5,2112.2,1922.2,5682.9,
2010.08.013,18,8,2010,13,45.17985,-66.24391667,4.8,13:45,channel,Summer,561.7,1750.2,382.7,2694.6,
2010.08.014,18,8,2010,14,45.1824,-66.24575,4.3,13:50,channel,Summer,26.4,351.2,75.1,452.7,
2010.08.015,18,8,2010,15,45.18276667,-66.24793333,3.9,13:56,channel,Summer,1509.4,1747.8,669.9,3927.1,
2010.08.016,18,8,2010,16,45.1834,-66.25015,7.1,13:59,channel,Summer,679.6,700.9,2121,3501.5,
2010.08.017,18,8,2010,17,45.18395,-66.25183333,8.7,14:03,channel,Summer,902,1559.8,524.8,2986.6,
2010.08.018,18,8,2010,18,45.18463333,-66.25366667,10.9,14:07,channel,Summer,1416,58.2,1730.9,3205.1,
2010.08.019,18,8,2010,19,45.18623333,-66.25713333,9,14:44,channel,Summer,1621.6,301.3,1038.8,2961.7,
2010.08.020,18,8,2010,20,45.18626667,-66.25815,11.1,14:50,channel,Summer,1721.9,251.4,17.2,1990.5,
2010.08.021,18,8,2010,21,45.17686667,-66.24505,1.7,15:08,intertidal,Summer,440.8,1065.5,456,1962.3,
2010.08.022,18,8,2010,22,45.17501667,-66.24611667,1.7,15:12,intertidal,Summer,93.4,84.1,91.1,268.6,
2010.08.023,18,8,2010,23,45.15778333,-66.24231667,4,15:40,subtidal,Summer,87.8,1740,1470.9,3298.7,
2010.08.024,18,8,2010,24,45.15478333,-66.24005,4.6,15:45,subtidal,Summer,533,1658.8,1831.9,4023.7,
2010.08.025,18,8,2010,25,45.15218333,-66.23926667,4.6,15:48,subtidal,Summer,1724.9,1531.6,1658.9,4915.4,
2010.08.026,18,8,2010,26,45.1494,-66.24181667,10.1,15:53,subtidal,Summer,117.2,1447.2,125.2,1689.6,
2010.08.027,18,8,2010,27,45.14875,-66.24673333,8.3,15:59,subtidal,Summer,2137,142.4,1880.3,4159.7,
2010.08.028,18,8,2010,28,45.15246667,-66.25021667,4.8,16:05,subtidal,Summer,284.4,1509.6,407.6,2201.6,
2010.08.029,18,8,2010,29,45.15716667,-66.2511,3.5,16:09,subtidal,Summer,1163.6,871.2,651.3,2686.1,
2010.08.030,18,8,2010,30,45.16128333,-66.25311667,2.3,16:16,subtidal,Summer,179.1,197,227.4,603.5,
2011.09.001,1,9,2011,1,45.14075,-66.26021667,5.9,16:17,subtidal,Summer,2120,2252.3,2122.2,6494.5,
2011.09.002,1,9,2011,2,45.14263333,-66.26183333,5,16:20,subtidal,Summer,1858.1,1892,1634.9,5385,
2011.09.003,1,9,2011,3,45.14636667,-66.24868333,8.4,16:27,subtidal,Summer,1451.3,2187.2,2062.6,5701.1,
2011.09.004,1,9,2011,4,45.14648333,-66.24608333,10.3,16:33,subtidal,Summer,1435,1154.1,1515.5,4104.6,
2011.09.005,1,9,2011,5,45.14663333,-66.24345,12,16:40,subtidal,Summer,569.6,708.1,501.9,1779.6,
2011.09.006,1,9,2011,6,45.14775,-66.23956667,15,16:45,subtidal,Summer,1442.9,1618.3,1428.6,4489.8,
2011.09.007,1,9,2011,7,45.15128333,-66.23713333,4.8,16:49,subtidal,Summer,882.7,681.8,1703.1,3267.6,
2011.09.008,1,9,2011,8,45.15526667,-66.23283333,3,16:54,subtidal,Summer,458.9,254.6,951.8,1665.3,
2011.09.009,1,9,2011,9,45.16073333,-66.24936667,4,17:00,subtidal,Summer,427.9,1483.8,750.7,2662.4,
2011.09.010,1,9,2011,10,45.16146667,-66.25561667,3.1,17:04,subtidal,Summer,363.3,334.9,466.3,1164.5,
2011.09.011,1,9,2011,11,45.16436667,-66.24298333,3.9,17:10,channel,Summer,1055.4,1306.1,1458.1,3819.6,
2011.09.012,1,9,2011,12,45.1681,-66.24123333,5.2,17:13,channel,Summer,1758,2190.5,1475.9,5424.4,
2011.09.013,1,9,2011,13,45.17196667,-66.24043333,5.2,17:19,channel,Summer,559.2,1177.7,1498,3234.9,
2011.09.014,1,9,2011,14,45.17621667,-66.24136667,4.8,17:22,channel,Summer,640.8,2740.6,1735.5,5116.9,
2011.09.015,1,9,2011,15,45.17948333,-66.24303333,4.5,17:26,channel,Summer,1044.7,652.7,2201.1,3898.5,
2011.09.016,1,9,2011,16,45.18268333,-66.248,3.5,17:29,channel,Summer,1873.6,624.5,1497.9,3996,
2011.09.017,1,9,2011,17,45.18465,-66.2544,11.6,17:35,channel,Summer,707.5,405.3,1353.8,2466.6,
2011.09.018,1,9,2011,18,45.1862,-66.25833333,13.8,17:41,channel,Summer,2492.8,205,1693.6,4391.4,
2011.09.019,1,9,2011,19,45.18993333,-66.26146667,10,17:49,channel,Summer,212.5,2195.3,372,2779.8,
2011.09.020,1,9,2011,20,45.18015,-66.24695,4,17:55,channel,Summer,240.9,602.3,746.6,1589.8,
2011.09.021,1,9,2011,21,45.17988333,-66.24995,2.5,17:58,intertidal,Summer,1492.1,375,966.7,2833.8,
2011.09.022,1,9,2011,22,45.17761667,-66.2461,4.2,18:03,intertidal,Summer,943.7,1063.5,320.3,2327.5,
2011.09.023,1,9,2011,23,45.17776667,-66.23883333,1.1,18:05,intertidal,Summer,564.9,1067,1587.7,3219.6,
2011.09.024,1,9,2011,24,45.17438333,-66.2332,1.7,18:08,intertidal,Summer,1844.7,1768.5,1841.9,5455.1,
2011.09.025,1,9,2011,25,45.16796667,-66.2282,3.6,18:13,intertidal,Summer,755.1,1440.5,935.9,3131.5,
2011.09.026,1,9,2011,26,45.16443333,-66.22783333,4.2,18:17,intertidal,Summer,1609.9,1685,1609.1,4904,
2011.09.027,1,9,2011,27,45.16175,-66.23966667,4.6,18:21,intertidal,Summer,1549,1237.3,1678.4,4464.7,
2011.09.028,1,9,2011,28,45.16221667,-66.24161667,4,18:25,intertidal,Summer,2230.9,457.9,285.4,2974.2,
2011.09.029,1,9,2011,29,45.15868333,-66.26436667,4.5,18:33,intertidal,Summer,1097.8,1104.2,334.9,2536.9,
2011.09.030,1,9,2011,30,45.16486667,-66.26916667,1.3,18:37,intertidal,Summer,704.6,579.9,649.6,1934.1,
2011.12.001,14,12,2011,1,45.14251667,-66.26186667,8.9,15:32,subtidal,Autumn,723.6,1170.9,1878.8,3773.3,
2011.12.002,14,12,2011,2,45.14146667,-66.25818333,12,15:36,subtidal,Autumn,1810.1,1971,1671,5452.1,
2011.12.003,14,12,2011,3,45.14736667,-66.25096667,9.2,15:50,subtidal,Autumn,2383.1,2502.7,2587.7,7473.5,
2011.12.004,14,12,2011,4,45.14966667,-66.2516,8.4,15:56,subtidal,Autumn,2106.8,2273.7,1870.8,6251.3,
2011.12.005,14,12,2011,5,45.14991667,-66.24603333,12.1,16:01,subtidal,Autumn,2060.6,1888.3,1909,5857.9,
2011.12.006,14,12,2011,6,45.15368333,-66.24125,10.1,16:08,subtidal,Autumn,2080.1,2174.8,1043.3,5298.2,
2011.12.007,14,12,2011,7,45.15321667,-66.23583333,7.7,16:11,subtidal,Autumn,1764.4,1647.2,634.7,4046.3,
2011.12.008,14,12,2011,8,45.15793333,-66.23271667,6.6,16:15,subtidal,Autumn,134,133.4,191.4,458.8,
2011.12.009,14,12,2011,9,45.16023333,-66.2377,7.2,16:20,subtidal,Autumn,191.5,92,88.2,371.7,
2011.12.010,14,12,2011,10,45.16376667,-66.25238333,7,16:29,subtidal,Autumn,93.7,75.1,84.2,253,
2011.12.011,14,12,2011,11,45.1589,-66.26253333,6,16:41,intertidal,Autumn,235.3,247.6,530.6,1013.5,
2011.12.012,14,12,2011,12,45.1608,-66.26583333,5.3,16:47,intertidal,Autumn,1380.4,187.5,268,1835.9,
2011.12.013,14,12,2011,13,45.16196667,-66.24191667,5.7,16:58,intertidal,Autumn,1680.5,77.1,205.6,1963.2,
2011.12.014,14,12,2011,14,45.16223333,-66.23926667,6.6,17:02,intertidal,Autumn,188.2,1569.8,168.4,1926.4,
2011.12.015,14,12,2011,15,45.1659,-66.23406667,6.3,17:09,intertidal,Autumn,65.1,770.8,888.8,1724.7,
2011.12.016,14,12,2011,16,45.16753333,-66.2265,5.8,17:13,intertidal,Autumn,725.5,511.3,1093.9,2330.7,
2011.12.017,14,12,2011,17,45.17583333,-66.24026667,5.5,17:23,intertidal,Autumn,799.7,334.4,1064.5,2198.6,
2011.12.018,14,12,2011,18,45.17918333,-66.24103333,4.8,17:25,intertidal,Autumn,210.5,1175.2,205.4,1591.1,
2011.12.019,14,12,2011,19,45.17685,-66.24598333,6.5,17:27,intertidal,Autumn,288.5,861,1511.6,2661.1,
2011.12.020,14,12,2011,20,45.17316667,-66.24535,6.7,17:33,intertidal,Autumn,301,175.2,163.5,639.7,
2011.12.021,14,12,2011,21,45.18661667,-66.25938333,7,17:42,channel,Autumn,1247.4,137.4,284.8,1669.6,
2011.12.022,14,12,2011,22,45.18543333,-66.25696667,9.7,17:48,channel,Autumn,787.2,269,1199.3,2255.5,
2011.12.023,14,12,2011,23,45.18423333,-66.2541,11.7,17:54,channel,Autumn,211.7,486.3,499,1197,
2011.12.024,14,12,2011,24,45.18125,-66.24546667,7.5,17:59,channel,Autumn,2222.8,607.9,1771.8,4602.5,
2011.12.025,14,12,2011,25,45.17781667,-66.24245,8.4,18:01,channel,Autumn,1399.5,1026,1383.4,3808.9,
2011.12.026,14,12,2011,26,45.17513333,-66.24138333,8.6,18:05,channel,Autumn,286.3,744.2,52.8,1083.3,
2011.12.027,14,12,2011,27,45.17273333,-66.2406,9.2,18:07,channel,Autumn,1875.8,1319.3,1887.3,5082.4,
2011.12.028,14,12,2011,28,45.1703,-66.24086667,9.5,18:09,channel,Autumn,1593.9,496.9,922.4,3013.2,
2011.12.029,14,12,2011,29,45.16638333,-66.24278333,7.8,18:13,channel,Autumn,130.3,126.1,586.7,843.1,
2011.12.030,14,12,2011,30,45.16475,-66.243,8.3,18:17,channel,Autumn,1937.2,131.1,1508.3,3576.6,
2012.09.001,20,9,2012,1,45.14066667,-66.2617,,,subtidal,Summer,1948.8,82.9,2307.8,4339.5,
2012.09.002,20,9,2012,2,45.1425,-66.26121667,,,subtidal,Summer,1227.9,2013.7,843.5,4085.1,
2012.09.003,20,9,2012,3,45.14506667,-66.24898333,,,subtidal,Summer,2127.9,2131.9,2195.2,6455,
2012.09.004,20,9,2012,4,45.1482,-66.24985,,,subtidal,Summer,2410.6,2412.8,2460,7283.4,
2012.09.005,20,9,2012,5,45.15035,-66.24948333,,,subtidal,Summer,2272.9,2218.5,2311.5,6802.9,
2012.09.006,20,9,2012,6,45.15235,-66.25076667,,,subtidal,Summer,2344.1,592.4,1486.7,4423.2,
2012.09.007,20,9,2012,7,45.15475,-66.25176667,,,subtidal,Summer,1418.7,1270.7,604.2,3293.6,
2012.09.008,20,9,2012,8,45.1568,-66.23981667,,,subtidal,Summer,146.2,1288.3,597.4,2031.9,
2012.09.009,20,9,2012,9,45.15425,-66.23923333,,,subtidal,Summer,197.3,2184.1,1349.2,3730.6,
2012.09.010,20,9,2012,10,45.15175,-66.2392,,,subtidal,Summer,844.3,2233.6,769.1,3847,
2012.09.011,20,9,2012,11,45.16275,-66.24456667,,,channel,Summer,1667.3,56.3,200.3,1923.9,
2012.09.012,20,9,2012,12,45.16485,-66.24356667,,,channel,Summer,1793.3,98,1542.4,3433.7,
2012.09.013,20,9,2012,13,45.16751667,-66.24195,,,channel,Summer,286.2,1876,2073.3,4235.5,
2012.09.014,20,9,2012,14,45.17108333,-66.24091667,,,channel,Summer,1399.1,2217.5,2122.9,5739.5,
2012.09.015,20,9,2012,15,45.17316667,-66.24105,,,channel,Summer,220.2,251.5,1711.8,2183.5,
2012.09.016,20,9,2012,16,45.17491667,-66.24115,,,channel,Summer,2373.3,740,92.2,3205.5,
2012.09.017,20,9,2012,17,45.1774,-66.2422,,,channel,Summer,1024.6,71.5,1532.5,2628.6,
2012.09.018,20,9,2012,18,45.18061667,-66.24435,,,channel,Summer,130,119.2,537.1,786.3,
2012.09.019,20,9,2012,19,45.18186667,-66.24871667,,,channel,Summer,52.3,1435.9,2096.7,3584.9,
2012.09.020,20,9,2012,20,45.18368333,-66.25246667,,,channel,Summer,1930.5,337.3,177.9,2445.7,
2012.09.021,20,9,2012,21,45.18345,-66.25366667,,,intertidal,Summer,345.3,83.2,204.4,632.9,
2012.09.022,20,9,2012,22,45.18145,-66.25205,,,intertidal,Summer,1796.7,1127.6,1013,3937.3,
2012.09.023,20,9,2012,23,45.17996667,-66.25066667,,,intertidal,Summer,1811.3,113.6,1860,3784.9,
2012.09.024,20,9,2012,24,45.17843333,-66.24733333,,,intertidal,Summer,268.8,99.7,515.5,884,
2012.09.025,20,9,2012,25,45.17496667,-66.24766667,,,intertidal,Summer,1942.6,742.5,588.9,3274,
2012.09.026,20,9,2012,26,45.17261667,-66.24376667,,,intertidal,Summer,258.5,338,150.8,747.3,
2012.09.027,20,9,2012,27,45.16855,-66.23823333,,,intertidal,Summer,1479.4,1395.1,1557.9,4432.4,
2012.09.028,20,9,2012,28,45.16638333,-66.23505,,,intertidal,Summer,981.6,1796.4,771.5,3549.5,
2012.09.029,20,9,2012,29,45.16525,-66.23,,,intertidal,Summer,116.9,253.2,364.1,734.2,
2012.09.030,20,9,2012,30,45.16455,-66.23131667,,,intertidal,Summer,233.5,440.9,234.3,908.7,
2014.08.001,11,8,2014,1,45.14815,-66.25416667,,,subtidal,Summer,1744,1722,594,4060,
2014.08.002,11,8,2014,2,45.1494,-66.25515,,,subtidal,Summer,683,550,160,1393,
2014.08.003,11,8,2014,3,45.15006667,-66.25733333,,,subtidal,Summer,891,581,1467,2939,
2014.08.004,11,8,2014,4,45.16815,-66.25006667,,,subtidal,Summer,487,1014,310,1811,
2014.08.005,11,8,2014,5,45.17051667,-66.24845,,,subtidal,Summer,1237,717,1623,3577,
2014.08.006,11,8,2014,6,45.17008333,-66.24563333,,,subtidal,Summer,443,804,479,1726,
2014.08.007,11,8,2014,7,45.16298333,-66.23688333,,,subtidal,Summer,176,1313,1377,2866,
2014.08.008,11,8,2014,8,45.16028333,-66.23401667,,,subtidal,Summer,431,213,27,671,
2014.08.009,11,8,2014,9,45.1584,-66.23653333,,,subtidal,Summer,69,205,279,553,
2014.08.010,11,8,2014,10,45.15853333,-66.24908333,,,subtidal,Summer,106,119,185,410,
2014.08.011,11,8,2014,11,45.16633333,-66.24208333,,,channel,Summer,1905,166,757,2828,
2014.08.012,11,8,2014,12,45.16903333,-66.2413,,,channel,Summer,363,243,655,1261,
2014.08.013,11,8,2014,13,45.17096667,-66.2413,,,channel,Summer,1288,1305,1589,4182,
2014.08.014,11,8,2014,14,45.1742,-66.24121667,,,channel,Summer,804,1235,1493,3532,
2014.08.015,11,8,2014,15,45.1784,-66.24381667,,,channel,Summer,1057,2165,,3222,
2014.08.016,11,8,2014,16,45.18006667,-66.24543333,,,channel,Summer,832,962,1168,2962,
2014.08.017,11,8,2014,17,45.18275,-66.24663333,,,channel,Summer,1077,711,1531,3319,
2014.08.018,11,8,2014,18,45.18305,-66.25091667,,,channel,Summer,334,559,710,1603,
2014.08.019,11,8,2014,19,45.18495,-66.25436667,,,channel,Summer,298,411,2125,2834,
2014.08.020,11,8,2014,20,45.186,-66.25748333,,,channel,Summer,545,95,295,935,
2014.08.021,11,8,2014,21,45.18233333,-66.25271667,,,intertidal,Summer,1905,386,180,2471,
2014.08.022,11,8,2014,22,45.18068333,-66.25113333,,,intertidal,Summer,339,357,1734,2430,
2014.08.023,11,8,2014,23,45.17841667,-66.24851667,,,intertidal,Summer,568,282,795,1645,
2014.08.024,11,8,2014,24,45.17545,-66.23778333,,,intertidal,Summer,330,1117,371,1818,
2014.08.025,11,8,2014,25,45.17206667,-66.23495,,,intertidal,Summer,176,432,1234,1842,
2014.08.026,11,8,2014,26,45.16983333,-66.23178333,,,intertidal,Summer,978,833,1107,2918,
2014.08.027,11,8,2014,27,45.16586667,-66.22843333,,,intertidal,Summer,176,286,214,676,
2014.08.028,11,8,2014,28,45.1609,-66.26056667,,,intertidal,Summer,291,472,655,1418,
2014.08.029,11,8,2014,29,45.16058333,-66.26431667,,,intertidal,Summer,239,501,301,1041,
2014.08.030,11,8,2014,30,45.15673333,-66.26231667,,,intertidal,Summer,490,121,213,824,
2014.11.001,6,11,2014,1,45.16351667,-66.26941667,4.5,,intertidal,Autumn,570,328.5,676,1574.5,
2014.11.002,6,11,2014,2,45.16195,-66.26801667,5.2,,intertidal,Autumn,398.5,1713.5,415.5,2527.5,
2014.11.003,6,11,2014,3,45.16113333,-66.26393333,6.7,,intertidal,Autumn,167,779,351,1297,
2014.11.004,6,11,2014,4,45.17465,-66.24866667,7.2,,intertidal,Autumn,368,1198,328.5,1894.5,
2014.11.005,6,11,2014,5,45.17481667,-66.24541667,7,,intertidal,Autumn,602.5,408.5,444.5,1455.5,
2014.11.006,6,11,2014,6,45.177,-66.24715,6.6,,intertidal,Autumn,1239.5,1517.5,393,3150,
2014.11.007,6,11,2014,7,45.17873333,-66.23805,4.2,,intertidal,Autumn,1761.5,1667.5,1558,4987,
2014.11.008,6,11,2014,8,45.17503333,-66.23608333,4.5,,intertidal,Autumn,1176,1070.5,777,3023.5,
2014.11.009,6,11,2014,9,45.17203333,-66.2321,5.2,,intertidal,Autumn,1877.5,1986,1892,5755.5,
2014.11.010,6,11,2014,10,45.16843333,-66.22668333,5.9,,intertidal,Autumn,1319,1150,1346,3815,
2014.11.011,6,11,2014,11,45.18408333,-66.25236667,13.5,,channel,Autumn,181.5,2184.5,1400.5,3766.5,
2014.11.012,6,11,2014,12,45.18098333,-66.24713333,6.8,,channel,Autumn,576.5,403,545.5,1525,
2014.11.013,6,11,2014,13,45.17464667,-66.2435,6.6,,channel,Autumn,315.5,1531.5,569,2416,
2014.11.014,6,11,2014,14,45.17563333,-66.24203333,6.5,,channel,Autumn,241.5,1425.5,1360.5,3027.5,
2014.11.015,6,11,2014,15,45.17375,-66.2406,6.5,,channel,Autumn,481,1625.5,453.5,2560,
2014.11.016,6,11,2014,16,45.17181667,-66.2412,6.6,,channel,Autumn,193,1461,620,2274,
2014.11.017,6,11,2014,17,45.16898333,-66.24083333,7.9,,channel,Autumn,370,1008,939,2317,
2014.11.018,6,11,2014,18,45.16783333,-66.24201667,6.6,,channel,Autumn,1763,1200.5,1428,4391.5,
2014.11.019,6,11,2014,19,45.16588333,-66.24215,6.6,,channel,Autumn,1161.5,350,264,1775.5,
2014.11.020,6,11,2014,20,45.16526667,-66.243,6.9,,channel,Autumn,1292.5,255,1111.5,2659,
2014.11.021,6,11,2014,21,45.16661667,-66.24516667,5.9,,subtidal,Autumn,247,1155.5,539.5,1942,
2014.11.022,6,11,2014,22,45.16413333,-66.24783333,6.6,,subtidal,Autumn,472.5,206.5,450,1129,
2014.11.023,6,11,2014,23,45.16063333,-66.24581667,6.7,,subtidal,Autumn,343,157,409.5,909.5,
2014.11.024,6,11,2014,24,45.15598333,-66.2475,6.6,,subtidal,Autumn,1527,1396,1980,4903,
2014.11.025,6,11,2014,25,45.15623333,-66.24236667,7,,subtidal,Autumn,1507.5,1665,1666,4838.5,
2014.11.026,6,11,2014,26,45.15333333,-66.24251667,7.1,,subtidal,Autumn,2216,1963.5,2314,6493.5,
2014.11.027,6,11,2014,27,45.15286667,-66.24693333,8.1,,subtidal,Autumn,1933,553.5,2251,4737.5,
2014.11.028,6,11,2014,28,45.15713333,-66.25226667,7,,subtidal,Autumn,154.5,654,216,1024.5,
2014.11.029,6,11,2014,29,45.15373333,-66.2558,6.6,,subtidal,Autumn,1693,1448,1916,5057,
2014.11.030,6,11,2014,30,45.14876667,-66.24763333,10.7,,subtidal,Autumn,2024,1849,1759,5632,
2015.08.001,27,8,2015,1,45.16577,-66.23009,6.1,13:42,intertidal,Summer,293,414,262,969,
2015.08.002,27,8,2015,2,45.16772,-66.22815,5.6,13:52,intertidal,Summer,1380,1220,775,3375,
2015.08.003,27,8,2015,3,45.17036,-66.22764,5.1,13:57,intertidal,Summer,1549,1008,1314,3871,
2015.08.004,27,8,2015,4,45.17069,-66.23492,4,14:04,intertidal,Summer,1680,1484,1710,4874,
2015.08.005,27,8,2015,5,45.17599,-66.23711,3.1,14:10,intertidal,Summer,494,1722,1673,3889,
2015.08.006,27,8,2015,6,45.17815,-66.24024,3.8,14:15,intertidal,Summer,1873,1665,824,4362,
2015.08.007,27,8,2015,7,45.17352,-66.24487,5.9,14:23,intertidal,Summer,339,428,407,1174,
2015.08.008,27,8,2015,8,45.17648,-66.24787,5.4,14:30,intertidal,Summer,1496,439,1339,3274,
2015.08.009,27,8,2015,9,45.18117,-66.25131,3.7,14:38,intertidal,Summer,2118,1545,269,3932,
2015.08.010,27,8,2015,10,45.18631,-66.25588,4.8,14:55,channel,Summer,1379,1937,2133,5449,
2015.08.011,27,8,2015,11,45.1861,-66.25672,13.2,14:58,channel,Summer,1352,239,223,1814,
2015.08.012,27,8,2015,12,45.18435,-66.25386,10.9,15:05,channel,Summer,792,947,1841,3580,
2015.08.013,27,8,2015,13,45.18241,-66.24945,5.7,15:12,channel,Summer,987,907,1819,3713,
2015.08.014,27,8,2015,14,45.17991,-66.24563,5.3,15:17,channel,Summer,181,1164,411,1756,
2015.08.015,27,8,2015,15,45.17692,-66.2419,6.9,15:23,channel,Summer,137,2312,2159,4608,
2015.08.016,27,8,2015,16,45.17232,-66.24076,7.3,15:28,channel,Summer,880,2184,1839,4903,
2015.08.017,27,8,2015,17,45.16754,-66.2415,7.3,15:36,channel,Summer,1663,1778,1995,5436,
2015.08.018,27,8,2015,18,45.16583,-66.24249,6.6,15:40,channel,Summer,1591,2163,213,3967,
2015.08.019,27,8,2015,19,45.16427,-66.24145,4.5,15:46,channel,Summer,1043,1468,1678,4189,
2015.08.020,27,8,2015,20,45.16336,-66.2443,6.4,15:50,channel,Summer,1562,796,413,2771,
2015.08.021,27,8,2015,21,45.16897,-66.2472,4.2,16:13,subtidal,Summer,77.5,139,164,380.5,
2015.08.022,27,8,2015,22,45.15854,-66.25994,3.6,16:34,subtidal,Summer,0,101,160,261,
2015.08.023,27,8,2015,23,45.15367,-66.25056,6,16:42,subtidal,Summer,174,640,2196,3010,
2015.08.024,27,8,2015,24,45.15341,-66.24623,7.4,16:49,subtidal,Summer,850,739,1023,2612,
2015.08.025,27,8,2015,25,45.15206,-66.24217,8.2,16:58,subtidal,Summer,1628,2292,2194,6114,
2015.08.026,27,8,2015,26,45.15132,-66.23825,5.3,17:12,subtidal,Summer,875,1832,108,2815,
2015.08.027,27,8,2015,27,45.15356,-66.23567,3.9,17:22,subtidal,Summer,1766,1015,2350,5131,
2015.08.028,27,8,2015,28,45.15779,-66.2338,3,17:30,subtidal,Summer,230,560,422,1212,
2015.08.029,27,8,2015,29,45.15942,-66.23759,3.3,17:36,subtidal,Summer,388,387,662,1437,
2015.08.030,27,8,2015,30,45.14748,-66.25175,5.3,17:43,subtidal,Summer,2157,1256,428,3841,
2015.11.001,10,11,2015,1,45.16414,-66.27005,2.7,14:25,intertidal,Autumn,1036,995,1234,3265,
2015.11.002,10,11,2015,2,45.16556,-66.26995,2.1,14:31,intertidal,Autumn,845,896,731,2472,
2015.11.003,10,11,2015,3,45.16072,-66.26328,6.1,14:38,intertidal,Autumn,210,790,490,1490,
2015.11.004,10,11,2015,4,45.17578,-66.24816,6.1,14:49,intertidal,Autumn,1054,1985,1852,4891,
2015.11.005,10,11,2015,5,45.17818,-66.24892,5.1,14:52,intertidal,Autumn,2133,1945,2047,6125,
2015.11.006,10,11,2015,6,45.18205,-66.2523,4.7,14:56,intertidal,Autumn,2441,2079,2182,6702,
2015.11.007,10,11,2015,7,45.17989,-66.24113,4.5,15:03,intertidal,Autumn,1800,1573,1686,5059,Missed 7A. That was just an estimate
2015.11.008,10,11,2015,8,45.17634,-66.23741,2.9,15:08,intertidal,Autumn,1227,1764,1884,4875,
2015.11.009,10,11,2015,9,45.17167,-66.2309,4.7,15:14,intertidal,Autumn,1196,1816,1880,4892,
2015.11.010,10,11,2015,10,45.167,-66.23121,5.8,15:21,intertidal,Autumn,802,1374,1510,3686,
2015.11.011,10,11,2015,11,45.18349,-66.25048,11,15:33,channel,Autumn,516,1948,841,3305,
2015.11.012,10,11,2015,12,45.1822,-66.24959,6.6,15:36,channel,Autumn,1902,2182,1825,5909,
2015.11.013,10,11,2015,13,45.18236,-66.24646,7.1,15:40,channel,Autumn,2077,2226,522,4825,
2015.11.014,10,11,2015,14,45.1801,-66.24534,6.5,15:44,channel,Autumn,1652,1435,704,3791,
2015.11.015,10,11,2015,15,45.17797,-66.24297,7,15:50,channel,Autumn,1082,712,1368,3162,
2015.11.016,10,11,2015,16,45.17594,-66.24198,7.2,15:56,channel,Autumn,1656,1780,1872,5308,
2015.11.017,10,11,2015,17,45.17447,-66.24086,8.3,16:00,channel,Autumn,2214,1716,1832,5762,
2015.11.018,10,11,2015,18,45.17158,-66.2408,8.6,16:05,channel,Autumn,1187,1670,1555,4412,
2015.11.019,10,11,2015,19,45.1694,-66.24101,8.8,16:11,channel,Autumn,2108,1798,1958,5864,
2015.11.020,10,11,2015,20,45.16635,-66.24237,8.1,16:15,channel,Autumn,1762,1658,1868,5288,
2015.11.021,10,11,2015,21,45.16889,-66.24632,5.9,16:19,subtidal,Autumn,1647,1689,1702,5038,
2015.11.022,10,11,2015,22,45.16812,-66.25112,6.1,16:23,subtidal,Autumn,551,235,268,1054,
2015.11.023,10,11,2015,23,45.1633,-66.25495,6.1,16:32,subtidal,Autumn,408,473,358,1239,
2015.11.024,10,11,2015,24,45.15829,-66.25467,7.1,16:38,subtidal,Autumn,784,1010,543,2337,
2015.11.025,10,11,2015,25,45.15179,-66.25637,6.5,16:44,subtidal,Autumn,2272,2343,2269,6884,
2015.11.026,10,11,2015,26,45.15831,-66.24544,7.6,16:51,subtidal,Autumn,500,697,341,1538,
2015.11.027,10,11,2015,27,45.15863,-66.23897,6.7,16:56,subtidal,Autumn,961,402,506,1869,
2015.11.028,10,11,2015,28,45.16285,-66.23285,5.2,17:02,subtidal,Autumn,684,1007,560,2251,
2015.11.029,10,11,2015,29,45.1558,-66.23562,6.1,17:09,subtidal,Autumn,1263,296,285,1844,
2015.11.030,10,11,2015,30,45.14918,-66.24389,11.8,17:17,subtidal,Autumn,2027,1752,2324,6103,
2016.01.001,25,1,2016,1ns,45.14158,-66.26311,7,14:33,subtidal,Winter,,,,,no sample taken
2016.01.001,25,1,2016,1ns,45.14248,-66.2629,7.9,14:37,subtidal,Winter,,,,,no sample taken
2016.01.001,25,1,2016,1,45.14455,-66.24793,15.9,14:43,subtidal,Winter,1846,2264,1953,6063,
2016.01.002,25,1,2016,2,45.14542,-66.24922,14.2,14:49,subtidal,Winter,967,1717,1727,4411,
2016.01.003,25,1,2016,3,45.14757,-66.25099,9.9,14:54,subtidal,Winter,2109,2124,2232,6465,
2016.01.004,25,1,2016,4,45.15248,-66.25071,9.3,14:59,subtidal,Winter,1962,832,1939,4733,
2016.01.005,25,1,2016,5,45.15694,-66.24955,8.6,15:04,subtidal,Winter,414,316,163,893,
2016.01.006,25,1,2016,6,45.15677,-66.24365,9.3,15:09,subtidal,Winter,405,335,468,1208,
2016.01.007,25,1,2016,7,45.15773,-66.23724,8.1,15:14,subtidal,Winter,1354,1053,1485,3892,
2016.01.008,25,1,2016,8,45.16041,-66.23427,7.4,15:18,subtidal,Winter,743,4385,336,5464,
2016.01.009,25,1,2016,9,45.16006,-66.24839,8.6,15:24,subtidal,Winter,329,162,300,791,
2016.01.010,25,1,2016,10,45.15997,-66.25611,7.7,15:31,subtidal,Winter,112,233,196,541,
2016.01.011,25,1,2016,11,45.15818,-66.26277,6.6,15:37,intertidal,Winter,542,900,342,1784,
2016.01.012,25,1,2016,12,45.16069,-66.26356,6.1,15:41,intertidal,Winter,357,453,684,1494,
2016.01.013,25,1,2016,13,45.17071,-66.2431,6.9,15:50,intertidal,Winter,1742,1595,1673,5010,
2016.01.014,25,1,2016,14,45.17364,-66.24345,7.1,16:06,intertidal,Winter,1594,1987,1792,5373,
2016.01.015,25,1,2016,15,45.17649,-66.24634,6.8,16:10,intertidal,Winter,838,1071,787,2696,
2016.01.016,25,1,2016,16,45.17962,-66.24943,5.7,16:14,intertidal,Winter,1649,1901,1651,5201,
2016.01.017,25,1,2016,17,45.17941,-66.2411,5.2,16:19,intertidal,Winter,1526,1788,1839,5153,
2016.01.018,25,1,2016,18,45.17588,-66.24783,4.2,16:23,intertidal,Winter,672,1473,1401,3546,
2016.01.019,25,1,2016,19,45.1746,-66.23243,4.5,16:27,intertidal,Winter,1936,1487,1630,5053,
2016.01.020,25,1,2016,20,45.16952,-66.23168,5.8,16:31,intertidal,Winter,1332,1792,1433,4557,
2016.01.021,25,1,2016,21,45.16706,-66.24201,9.7,16:38,channel,Winter,1628,1563,48,3239,
2016.01.022,25,1,2016,22,45.16863,-66.24115,10.2,16:45,channel,Winter,1800,1746,1026,4572,
2016.01.023,25,1,2016,23,45.17208,-66.24072,9.8,16:51,channel,Winter,1435,1529,1137,4101,
2016.01.024,25,1,2016,24,45.17608,-66.24228,7.5,16:57,channel,Winter,1387,293,951,2631,
2016.01.025,25,1,2016,25,45.17902,-66.24468,7.2,17:02,channel,Winter,1437,1391,1209,4037,
2016.01.026,25,1,2016,26,45.18235,-66.24576,8.1,17:09,channel,Winter,886,1290,1453,3629,
2016.01.027,25,1,2016,27,45.18267,-66.24966,8.5,17:15,channel,Winter,1831,1685,1637,5153,
2016.01.028,25,1,2016,28,45.1836,-66.25199,10.7,17:19,channel,Winter,1715,1855,1665,5235,
2016.01.029,25,1,2016,29,45.18555,-66.25484,8.6,17:24,channel,Winter,128,318,61,507,
2016.01.030,25,1,2016,30,45.18862,-66.25916,18.3,17:31,channel,Winter,1504,1837,,3341,
2016.09.001,1,9,2016,1,45.14331,-66.26158,9.5,14:11,subtidal,Summer,1626,657,288,2571,
2016.09.002,1,9,2016,2,45.14306,-66.26341,7.9,14:20,subtidal,Summer,840,501,584,1925,
2016.09.003,1,9,2016,3,45.1565,-66.23486,7.7,14:33,subtidal,Summer,280,210,194,684,
2016.09.004,1,9,2016,4,45.15664,-66.23217,7.5,14:40,subtidal,Summer,,,610,610,"A, B samples not taken"
2016.09.005,1,9,2016,5,45.16546,-66.22901,6.1,14:51,intertidal,Summer,392,171,208,771,
2016.09.006,1,9,2016,6,45.16907,-66.22747,5.5,14:59,intertidal,Summer,1655,1553,246,3454,
2016.09.007,1,9,2016,7,45.17121,-66.23309,2,15:07,intertidal,Summer,1380,1828,1726,4934,
2016.09.008,1,9,2016,8,45.17275,-66.23767,4.4,15:13,intertidal,Summer,1144,1175,804,3123,
2016.09.009,1,9,2016,9,45.1786,-66.2391,4.8,15:19,intertidal,Summer,1452,1562,1669,4683,"coordinate, time, depth taken from sonde"
2016.09.010,1,9,2016,10,45.17429,-66.24476,6.8,15:26,intertidal,Summer,305,584,535,1424,
2016.09.011,1,9,2016,11,45.17488,-66.24723,6.6,15:31,intertidal,Summer,1211,1110,1096,3417,
2016.09.012,1,9,2016,12,45.17799,-66.24846,1.8,15:36,intertidal,Summer,758,776,987,2521,
2016.09.013,1,9,2016,13,45.18052,-66.24957,5.9,15:40,intertidal,Summer,1366,1068,1407,3841,
2016.09.014,1,9,2016,14,45.18217,-66.25238,4.9,15:45,intertidal,Summer,1917,1831,1859,5607,
2016.09.015,1,9,2016,15,45.18429,-66.25354,13.5,15:50,channel,Summer,2051,423,1641,4115,
2016.09.016,1,9,2016,16,45.18361,-66.25114,11.5,15:56,channel,Summer,1329,241,423,1993,
2016.09.017,1,9,2016,17,45.18241,-66.24641,7.9,16:04,channel,Summer,1914,1916,1668,5498,
2016.09.018,1,9,2016,18,45.17975,-66.24358,8.4,16:09,channel,Summer,1198,362,640,2200,
2016.09.019,1,9,2016,19,45.17707,-66.2422,8.6,16:13,channel,Summer,695,1217,948,2860,
2016.09.020,1,9,2016,20,45.17441,-66.24135,7.4,16:18,channel,Summer,1320,1580,1373,4273,
2016.09.021,1,9,2016,21,45.17186,-66.24058,,16:22,channel,Summer,2033,1678,1474,5185,depth not measured
2016.09.022,1,9,2016,22,45.16997,-66.24098,9.5,16:29,channel,Summer,1651,1175,1335,4161,
2016.09.023,1,9,2016,23,45.16793,-66.24178,9.4,16:34,channel,Summer,1337,1147,1327,3811,
2016.09.024,1,9,2016,24,45.16626,-66.24243,8.8,16:38,channel,Summer,1269,1412,1666,4347,
2016.09.025,1,9,2016,25,45.16733,-66.24674,7.1,16:42,subtidal,Summer,180,131,184,495,
2016.09.026,1,9,2016,26,45.16631,-66.25062,6.9,16:47,subtidal,Summer,186,232,252,670,
2016.09.027,1,9,2016,27,45.16316,-66.25193,7.3,16:51,subtidal,Summer,220,559,213,992,
2016.09.028,1,9,2016,28,45.16191,-66.25628,6.8,16:55,subtidal,Summer,203,155,330,688,
2016.09.029,1,9,2016,29,45.15649,-66.2512,8.5,17:01,subtidal,Summer,426,1295,279,2000,
2016.09.030,1,9,2016,30,45.1525,-66.24707,10.5,18:07,subtidal,Summer,1196,719,1629,3544,
2016.12.001,2,12,2016,1,45.14203,-66.25927,10.8,15:13,subtidal,Autumn,0,1490,806,2296,1A no sample
2016.12.002,2,12,2016,2,45.14163,-66.26181,9.5,15:22,subtidal,Autumn,1990,2195,2156,6341,
2016.12.003,2,12,2016,3,45.14596,-66.25015,11.5,15:32,subtidal,Autumn,2141,1668,2359,6168,
2016.12.004,2,12,2016,4,45.1474,-66.25282,9.5,15:41,subtidal,Autumn,982,2136,1047,4165,
2016.12.005,2,12,2016,5,45.15328,-66.25513,7.6,15:47,subtidal,Autumn,2359,798,2360,5517,
2016.12.006,2,12,2016,6,45.15735,-66.25906,6.6,15:52,subtidal,Autumn,1654,1683,850,4187,
2016.12.007,2,12,2016,7,45.16278,-66.24873,7.1,15:59,subtidal,Autumn,167,0,132,299,7B no sample
2016.12.008,2,12,2016,8,45.15877,-66.24256,8.7,16:08,subtidal,Autumn,2440,797,267,3504,
2016.12.009,2,12,2016,9,45.15905,-66.23645,8,16:14,subtidal,Autumn,746,398,390,1534,
2016.12.010,2,12,2016,10,45.16201,-66.23696,7,16:21,subtidal,Autumn,0,128,201,329,10A no sample
2016.12.011,2,12,2016,11,45.16643,-66.23382,6,16:29,intertidal,Autumn,1451,1472,1421,4344,
2016.12.012,2,12,2016,12,45.16726,-66.23086,5.8,16:33,intertidal,Autumn,415,0,123,538,12B no sample
2016.12.013,2,12,2016,13,45.16818,-66.22546,5.3,16:38,intertidal,Autumn,1411,1047,1574,4032,
2016.12.014,2,12,2016,14,45.17074,-66.22658,5,16:43,intertidal,Autumn,1386,422,263,2071,
2016.12.015,2,12,2016,15,45.17158,-66.23075,4.9,16:48,intertidal,Autumn,1419,35,1626,3080,
2016.12.016,2,12,2016,16,45.17462,-66.23221,3.9,16:55,intertidal,Autumn,1481,507,1375,3363,
2016.12.017,2,12,2016,17,45.17632,-66.2386,3.8,17:01,intertidal,Autumn,1714,1456,1040,4210,
2016.12.018,2,12,2016,18,45.17276,-66.24376,6.7,17:07,intertidal,Autumn,1270,72,328,1670,
2016.12.019,2,12,2016,19,45.177,-66.24842,5.8,17:16,intertidal,Autumn,237,877,63,1177,
2016.12.020,2,12,2016,20,45.17961,-66.2508,3.6,17:23,intertidal,Autumn,2193,1967,1235,5395,
2016.12.021,2,12,2016,21,45.1856,-66.2557,15.5,17:30,channel,Autumn,192,414,599,1205,21A mostly rock
2016.12.022,2,12,2016,22,45.1823,-66.25017,6.9,17:38,channel,Autumn,228,904,1812,2944,
2016.12.023,2,12,2016,23,45.18185,-66.24625,6.5,17:42,channel,Autumn,1668,338,160,2166,
2016.12.024,2,12,2016,24,45.17818,-66.24326,6.9,17:47,channel,Autumn,0,1254,1539,2793,24A no sample
2016.12.025,2,12,2016,25,45.17556,-66.24143,8.6,17:53,channel,Autumn,1198,108,260,1566,
2016.12.026,2,12,2016,26,45.17382,-66.24056,8.9,17:58,channel,Autumn,1666,1550,1173,4389,
2016.12.027,2,12,2016,27,45.17181,-66.24069,8.9,18:04,channel,Autumn,135,1379,57,1571,
2016.12.028,2,12,2016,28,45.16914,-66.24164,6.4,18:09,channel,Autumn,242,459,198,899,
2016.12.029,2,12,2016,29,45.1668,-66.24186,8.9,18:13,channel,Autumn,49,216,1232,1497,
2016.12.030,2,12,2016,30,45.16758,-66.24238,6.6,18:17,channel,Autumn,1258,454,29,1741,
2017.02.001,28,2,2017,1,45.1589,-66.26408,5.7,15:22,intertidal,Winter,220,256,224,700,
2017.02.002,28,2,2017,2,45.16162,-66.26668,5.1,15:41,intertidal,Winter,298,1632,246,2176,
2017.02.003,28,2,2017,3,45.17799,-66.24874,5.5,15:58,intertidal,Winter,442,1100,716,2258,
2017.02.004,28,2,2017,4,45.18042,-66.25159,4,16:09,intertidal,Winter,340,1194,1662,3196,
2017.02.005,28,2,2017,5,45.18435,-66.2484,5.9,16:15,intertidal,Winter,262,,,262,No B or C sample
2017.02.006,28,2,2017,6,45.17991,-66.2406,4.7,16:27,intertidal,Winter,1522,1886,1448,4856,
2017.02.007,28,2,2017,7,45.17903,-66.2379,3.9,16:34,intertidal,Winter,1498,1670,1358,4526,
2017.02.008,28,2,2017,8,45.17426,-66.23551,4.5,16:41,intertidal,Winter,2064,1050,920,4034,
2017.02.009,28,2,2017,9,45.17022,-66.23698,4.7,16:46,intertidal,Winter,1192,1502,1584,4278,
2017.02.010,28,2,2017,10,45.16969,-66.23432,5.5,16:53,intertidal,Winter,1332,1312,1328,3972,
2017.02.011,28,2,2017,11,45.16877,-66.24135,10.2,16:58,channel,Winter,1302,330,1380,3012,
2017.02.012,28,2,2017,12,45.17028,-66.24154,7.1,17:07,channel,Winter,1280,658,1130,3068,
2017.02.013,28,2,2017,13,45.17233,-66.2411,7.6,17:13,channel,Winter,1758,970,1662,4390,
2017.02.014,28,2,2017,14,45.17511,-66.24213,7.1,17:16,channel,Winter,1242,1136,1430,3808,
2017.02.015,28,2,2017,15,45.17738,-66.24286,7.6,17:24,channel,Winter,402,1230,1082,2714,
2017.02.016,28,2,2017,16,45.17911,-66.24458,7.4,17:30,channel,Winter,1196,1002,902,3100,
2017.02.017,28,2,2017,17,45.1807,-66.24631,7.4,17:36,channel,Winter,1490,1574,1536,4600,
2017.02.018,28,2,2017,18,45.18209,-66.24808,7.6,17:41,channel,Winter,814,1036,1936,3786,
2017.02.019,28,2,2017,19,45.18236,-66.24939,7.5,17:46,channel,Winter,518,1630,1394,3542,
2017.02.020,28,2,2017,20,45.18295,-66.2502,8.3,17:50,channel,Winter,1714,1628,1732,5074,
2017.02.021,28,2,2017,21,45.1672,-66.24764,8.4,18:01,subtidal,Winter,64,78,44,186,
2017.02.022,28,2,2017,22,45.15901,-66.24988,8.8,18:09,subtidal,Winter,98,156,128,382,
2017.02.023,28,2,2017,23,45.15573,-66.25019,9.3,18:16,subtidal,Winter,212,42,38,292,
2017.02.024,28,2,2017,24,45.15119,-66.25538,7.8,18:27,subtidal,Winter,2404,1250,960,4614,
2017.02.025,28,2,2017,25,45.14805,-66.25345,8.2,18:33,subtidal,Winter,650,1128,1594,3372,
2017.02.026,28,2,2017,26,45.14959,-66.24787,11.9,18:39,subtidal,Winter,296,70,1288,1654,
2017.02.027,28,2,2017,27,45.1501,-66.23849,9.8,18:50,subtidal,Winter,1482,114,2214,3810,
2017.02.028,28,2,2017,28,45.15298,-66.23508,7.6,19:01,subtidal,Winter,796,702,716,2214,
2017.02.029,28,2,2017,29,45.15447,-66.23368,6.8,19:06,subtidal,Winter,120,72,378,570,
2017.02.030,28,2,2017,30,45.15667,-66.23672,6.8,19:12,subtidal,Winter,534,192,1314,2040,
2017.11.001,21,11,2017,1,45.14333314,-66.26164916,8.5,15:36,subtidal,Autumn,1668,1124,1286,4078,
2017.11.002,21,11,2017,2,45.14228415,-66.26206381,9.7,15:46,subtidal,Autumn,1784,2296,1598,5678,
2017.11.003,21,11,2017,3,45.14963298,-66.23702464,9.5,15:57,subtidal,Autumn,1988,1534,1004,4526,
2017.11.004,21,11,2017,4,45.15176886,-66.23543828,8.6,16:05,subtidal,Autumn,1428,1152,714,3294,
2017.11.005,21,11,2017,5,45.15405712,-66.23461811,7.8,16:14,subtidal,Autumn,156,112,172,440,
2017.11.006,21,11,2017,6,45.16010164,-66.23310383,7.1,16:20,subtidal,Autumn,74,32,246,352,
2017.11.007,21,11,2017,7,45.16537017,-66.22992215,6.2,16:27,intertidal,Autumn,104,140,108,352,
2017.11.008,21,11,2017,8,45.1676643,-66.22884046,5.6,16:38,intertidal,Autumn,956,1106,1488,3550,
2017.11.009,21,11,2017,9,45.17012347,-66.22885857,5.2,16:44,intertidal,Autumn,222,102,1972,2296,
2017.11.010,21,11,2017,10,45.17369458,-66.23480737,3.9,16:51,intertidal,Autumn,1576,1540,846,3962,
2017.11.011,21,11,2017,11,45.17823757,-66.23930502,3.6,16:59,intertidal,Autumn,1486,1810,1652,4948,
2017.11.012,21,11,2017,12,45.18390466,-66.24671403,5.5,17:07,intertidal,Autumn,724,178,272,1174,
2017.11.013,21,11,2017,13,45.18365052,-66.25168936,12.5,17:17,channel,Autumn,88,1558,356,2002,
2017.11.014,21,11,2017,14,45.18229097,-66.24617323,7.7,17:26,channel,Autumn,986,1874,1260,4120,
2017.11.015,21,11,2017,15,45.17929863,-66.24270304,8.3,17:33,channel,Autumn,1314,1144,854,3312,
2017.11.016,21,11,2017,16,45.17584219,-66.24088241,8.4,17:39,channel,Autumn,1696,1676,1834,5206,
2017.11.017,21,11,2017,17,45.17210604,-66.24021538,8.9,17:45,channel,Autumn,596,912,1238,2746,
2017.11.018,21,11,2017,18,45.16936733,-66.24133302,9.1,17:54,channel,Autumn,1524,1342,1468,4334,
2021.09.001,23,9,2021,1,45.1431,-66.2625,7.7,14:58,subtidal,Autumn,2108,2234,1242,5584,
2021.09.002,23,9,2021,2,45.1423,-66.2619,8.9,15:03,subtidal,Autumn,374,996,2100,3470,
2021.09.003,23,9,2021,3,45.1464,-66.2506,10,15:15,subtidal,Autumn,1136,916,288,2340,
2021.09.004,23,9,2021,4,45.1489,-66.25,9.2,15:22,subtidal,Autumn,1134,582,212,1928,
2021.09.005,23,9,2021,5,45.151,-66.2489,8.8,15:27,subtidal,Autumn,2402,1654,132,4188,
2021.09.006,23,9,2021,6,45.1539,-66.2475,9.5,15:32,subtidal,Autumn,1528,2376,1180,5084,
2021.09.007,23,9,2021,7,45.1555,-66.2454,8.8,15:37,subtidal,Autumn,214,122,0,336,
2021.09.008,23,9,2021,8,45.1555,-66.2423,9.6,15:46,subtidal,Autumn,2207,1460,2298,5965,
2021.09.009,23,9,2021,9,45.1544,-66.2399,9,15:52,subtidal,Autumn,1252,1852,1686,4790,
2021.09.010,23,9,2021,10,45.1519,-66.2391,9.3,16:01,subtidal,Autumn,2292,776,2110,5178,
2021.09.011,23,9,2021,11,45.1648,-66.2285,6,16:12,intertidal,Autumn,570,554,400,1524,
2021.09.012,23,9,2021,12,45.1671,-66.2309,5.9,16:20,intertidal,Autumn,56,512,208,776,
2021.09.013,23,9,2021,13,45.1698,-66.2323,5.1,16:26,intertidal,Autumn,2112,806,1048,3966,
2021.09.014,23,9,2021,14,45.1713,-66.2351,4.2,16:31,intertidal,Autumn,266,1370,346,1982,
2021.09.015,23,9,2021,15,45.1719,-66.2385,4.1,16:37,intertidal,Autumn,1342,542,146,2030,
2021.09.016,23,9,2021,16,45.1761,-66.2482,6.1,16:45,intertidal,Autumn,826,64,1274,2164,
2021.09.017,23,9,2021,17,45.1787,-66.2488,5.4,16:49,intertidal,Autumn,1364,18,432,1814,
2021.09.018,23,9,2021,18,45.1811,-66.2513,4.2,16:55,intertidal,Autumn,1936,950,1954,4840,
2021.09.019,23,9,2021,19,45.1672,-66.2561,4.1,17:12,intertidal,Autumn,308,116,146,570,
2021.09.020,23,9,2021,20,45.1614,-66.263,6.1,17:20,intertidal,Autumn,286,172,38,496,
2021.09.021,23,9,2021,21,45.1654,-66.2427,8.4,17:31,channel,Autumn,1668,44,790,2502,
2021.09.022,23,9,2021,22,45.167,-66.2418,9.2,17:37,channel,Autumn,0,1612,1992,3604,
2021.09.023,23,9,2021,23,45.1689,-66.2408,9.5,17:43,channel,Autumn,380,196,1940,2516,
2021.09.024,23,9,2021,24,45.171,-66.2409,9.1,17:53,channel,Autumn,1614,2306,612,4532,
2021.09.025,23,9,2021,25,45.1733,-66.2405,8.8,17:59,channel,Autumn,48,194,1056,1298,
2021.09.026,23,9,2021,26,45.1757,-66.2411,8.6,18:04,channel,Autumn,2424,1000,2328,5752,
2021.09.027,23,9,2021,27,45.1783,-66.2425,7.9,18:10,channel,Autumn,332,2254,82,2668,
2021.09.028,23,9,2021,28,45.1806,-66.2441,7.7,18:13,channel,Autumn,1084,42,92,1218,
2021.09.029,23,9,2021,29,45.1824,-66.2459,7.3,18:19,channel,Autumn,354,0,1734,2088,
2021.09.030,23,9,2021,30,45.1837,-66.2486,6.8,18:23,channel,Autumn,66,2156,1404,3626,
